artist,song_title,year,artist_genre,youtube_link,imvdb_url
Brownstone,Grapevyne,1994,Desconhecido,https://www.youtube.com/watch?v=3E5bg02oauA,https://imvdb.com/video/brownstone/grapevyne
Soundgarden,Superunknown,1994,Desconhecido,https://www.youtube.com/watch?v=AwdjreJKggg,https://imvdb.com/video/soundgarden/superunknown
Silverchair,Tomorrow,1994,Desconhecido,https://www.youtube.com/watch?v=RZD982yrmx4,https://imvdb.com/video/silverchair/tomorrow
Therapy?,Isolation,1994,Desconhecido,https://www.youtube.com/watch?v=8ZwXCDqlE9I,https://imvdb.com/video/therapy?/isolation
Ash,Petrol,1994,Desconhecido,https://www.youtube.com/watch?v=E6qqbsdFTv0,https://imvdb.com/video/ash/petrol
Soundgarden,Spoonman,1994,Desconhecido,https://www.youtube.com/watch?v=T0_zzCLLRvE,https://imvdb.com/video/soundgarden/spoonman
Ramones,Substitute,1994,Desconhecido,https://www.youtube.com/watch?v=wIWpfS_MFHw,https://imvdb.com/video/ramones/substitute
Moby,Hymm,1994,Desconhecido,https://www.youtube.com/watch?v=HGbiQmTh4sM,https://imvdb.com/video/moby/hymm
Doop,Doop,1994,Desconhecido,https://www.youtube.com/watch?v=tvLDm8821jQ,https://imvdb.com/video/doop/doop
Prince,Interactive,1994,Desconhecido,https://www.youtube.com/watch?v=AK8KPusN_tk,https://imvdb.com/video/prince/interactive
Litfiba,Africa,1994,Desconhecido,https://www.youtube.com/watch?v=MbNjohrgcLA,https://imvdb.com/video/litfiba/africa
Ride,Birdman,1994,Desconhecido,https://www.youtube.com/watch?v=JfSqueZGQDg,https://imvdb.com/video/ride/birdman
Therapy?,Screamager,1994,Desconhecido,https://www.youtube.com/watch?v=oDVsIvvFtcs,https://imvdb.com/video/therapy?/screamager
Prince,Endorphinmachine,1994,Desconhecido,https://www.youtube.com/watch?v=09vNPhIk4QU,https://imvdb.com/video/prince/endorphinmachine
OutKast,Southernplayalisticadillacmuzik,1994,Desconhecido,https://www.youtube.com/watch?v=ssc67bXV6lU,https://imvdb.com/video/outkast/southernplayalisticadillacmuzik
Fugees,Vocab,1994,Desconhecido,https://www.youtube.com/watch?v=m4t5R3fTbD0,https://imvdb.com/video/fugees/vocab
Litfiba,Spirito,1994,Desconhecido,https://www.youtube.com/watch?v=yOp5S332QBY,https://imvdb.com/video/litfiba/spirito
Veruca Salt,Seether,1994,Desconhecido,https://www.youtube.com/watch?v=jC9AUR-iTo0,https://imvdb.com/video/veruca-salt/seether
Oasis,Cigarettes & Alcohol,1994,Desconhecido,https://www.youtube.com/watch?v=SaeLKhRnkhQ,https://imvdb.com/video/oasis/cigarettes-alcohol
Scalaland,Call Me,1994,Desconhecido,,https://imvdb.com/video/scalaland/call-me
Hole,Violet,1994,Desconhecido,https://www.youtube.com/watch?v=cH_rfGBwamc,https://imvdb.com/video/hole/violet
L7,Andres,1994,Desconhecido,https://www.youtube.com/watch?v=5COHP3KZuq4,https://imvdb.com/video/l7/andres
Magic Affair,Fire,1994,Desconhecido,https://www.youtube.com/watch?v=PpoIU0jO0vQ,https://imvdb.com/video/magic-affair/fire
Rancid,Salvation,1994,Desconhecido,https://www.youtube.com/watch?v=Rvuae0Y-Spg,https://imvdb.com/video/rancid/salvation
Whigfield,Another Day,1994,Desconhecido,https://www.youtube.com/watch?v=dbwZGCkc8dM,https://imvdb.com/video/whigfield/another-day
Ash,Uncle Pat,1994,Desconhecido,https://www.youtube.com/watch?v=FBWd8R8rjF8,https://imvdb.com/video/ash/uncle-pat
Warren G,Regulate,1994,Desconhecido,https://www.youtube.com/watch?v=1plPyJdXKIY,https://imvdb.com/video/warren-g/regulate
Silverchair,Tomorrow,1994,Desconhecido,https://www.youtube.com/watch?v=npumgrLT7hM,https://imvdb.com/video/silverchair/tomorrow/2
Oasis,Supersonic,1994,Desconhecido,https://www.youtube.com/watch?v=FOTsS2mplA0,https://imvdb.com/video/oasis/supersonic
Ween,Voodoo Lady,1994,Desconhecido,https://www.youtube.com/watch?v=vJVLR9lyopg,https://imvdb.com/video/ween/voodoo-lady
Shanice,Somewhere,1994,Desconhecido,https://www.youtube.com/watch?v=1WH8f0AZJLM,https://imvdb.com/video/shanice/somewhere
Gillette,Mr. Personality,1994,Desconhecido,https://www.youtube.com/watch?v=WEsNHlkEkXk,https://imvdb.com/video/gillette/mr-personality
Soundgarden,Gun,1994,Desconhecido,,https://imvdb.com/video/soundgarden/gun
Therapy?,Trigger Inside,1994,Desconhecido,https://www.youtube.com/watch?v=ZQUR6-KdYag,https://imvdb.com/video/therapy?/trigger-inside
Soundgarden,My Wave,1994,Desconhecido,https://www.youtube.com/watch?v=HEbYxEXM2cE,https://imvdb.com/video/soundgarden/my-wave
Scooter,Hyper Hyper,1994,Desconhecido,https://www.youtube.com/watch?v=FFJIEK17b9M,https://imvdb.com/video/scooter/hyper-hyper
Erasure,Always,1994,Desconhecido,https://www.youtube.com/watch?v=eSMeUPFjQHc,https://imvdb.com/video/erasure/always
Crystal Waters,Relax,1994,Desconhecido,https://www.youtube.com/watch?v=sZI0lYZnRGw,https://imvdb.com/video/crystal-waters/relax
Dream Theater,Lie,1994,Desconhecido,https://www.youtube.com/watch?v=VD7OdyY1js4,https://imvdb.com/video/dream-theater/lie
Rancid,Nihilism,1994,Desconhecido,https://www.youtube.com/watch?v=2WOx4U3sCuQ,https://imvdb.com/video/rancid/nihilism
Madonna,Secret,1994,Desconhecido,https://www.youtube.com/watch?v=EPHUZenprKc,https://imvdb.com/video/madonna/secret
Jamiroquai,Space Cowboy,1994,Desconhecido,https://www.youtube.com/watch?v=OPkjnRIdQXQ,https://imvdb.com/video/jamiroquai/space-cowboy
Bon Jovi,Always,1994,Desconhecido,https://www.youtube.com/watch?v=9BMwcO6_hyA,https://imvdb.com/video/bon-jovi/always
Danzig,Cantspeak,1994,Desconhecido,https://www.youtube.com/watch?v=lCXak-hAO-4,https://imvdb.com/video/danzig/cantspeak
Ween,Voodoo Lady,1994,Desconhecido,https://www.youtube.com/watch?v=XO5R_OSZvoc,https://imvdb.com/video/ween/voodoo-lady
Widespread Panic,Airplane,1994,Desconhecido,https://www.youtube.com/watch?v=HjMJdLvuvyA,https://imvdb.com/video/widespread-panic/airplane
Terrorvision,Middleman,1994,Desconhecido,https://www.youtube.com/watch?v=bAb_-kzh9yc,https://imvdb.com/video/terrorvision/middleman
Negrita,Rumore,1994,Desconhecido,https://www.youtube.com/watch?v=suozsgYOG3Q,https://imvdb.com/video/negrita/rumore
Sonic Youth,Superstar,1994,Desconhecido,https://www.youtube.com/watch?v=Y21VecIIdBI,https://imvdb.com/video/sonic-youth/superstar
Lush,Hypocrite,1994,Desconhecido,https://www.youtube.com/watch?v=qGVzyby5kcU,https://imvdb.com/video/lush-1/hypocrite
Therapy?,Die Laughing,1994,Desconhecido,https://www.youtube.com/watch?v=HG-gFjnZAcI,https://imvdb.com/video/therapy?/die-laughing
Beck,Loser,1994,Desconhecido,https://www.youtube.com/watch?v=YgSPaXgAdzE,https://imvdb.com/video/beck/loser
Jamiroquai,Light Years,1994,Desconhecido,https://www.youtube.com/watch?v=UmK038mRb-g,https://imvdb.com/video/jamiroquai/light-years
Blur,Parklife,1994,Desconhecido,https://www.youtube.com/watch?v=SIEsmGzo2UE,https://imvdb.com/video/blur/parklife
Tina Arena,Chains,1994,Desconhecido,https://www.youtube.com/watch?v=9FE0vdmKB4A,https://imvdb.com/video/tina-arena/chains
Bad Religion,Infected,1994,Desconhecido,https://www.youtube.com/watch?v=Ik9ofiRTTQM,https://imvdb.com/video/bad-religion/infected
Beck,Beercan,1994,Desconhecido,https://www.youtube.com/watch?v=zVay-RfNGv8,https://imvdb.com/video/beck/beercan
TLC,Creep,1994,Desconhecido,https://www.youtube.com/watch?v=LlZydtG3xqI,https://imvdb.com/video/tlc/creep
Coolio,Fantastic Voyage,1994,Desconhecido,https://www.youtube.com/watch?v=a3QAHZicSjQ,https://imvdb.com/video/coolio/fantastic-voyage
Oasis,Whatever,1994,Desconhecido,https://www.youtube.com/watch?v=kGFTQfXOp1Q,https://imvdb.com/video/oasis/whatever
U96,Love Religion,1994,Desconhecido,https://www.youtube.com/watch?v=l2dOM-Jmikg,https://imvdb.com/video/u96/love-religion
Aerosmith,Crazy,1994,Desconhecido,https://www.youtube.com/watch?v=NMNgbISmF4I,https://imvdb.com/video/aerosmith/crazy
Terrorvision,Oblivion,1994,Desconhecido,https://www.youtube.com/watch?v=5RIlRhXXQjg,https://imvdb.com/video/terrorvision/oblivion
John Mellencamp,L.U.V.,1994,Desconhecido,,https://imvdb.com/video/john-mellencamp/luv
TLC,Waterfalls,1994,Desconhecido,https://www.youtube.com/watch?v=8WEtxJ4-sh4,https://imvdb.com/video/tlc/waterfalls
Therapy?,Nowhere,1994,Desconhecido,https://www.youtube.com/watch?v=5Bcpj-q0Snc,https://imvdb.com/video/therapy?/nowhere
Kim Sanders,Ride,1994,Desconhecido,https://www.youtube.com/watch?v=QOgnUqYI8u8,https://imvdb.com/video/kim-sanders/ride
Fretblanket,Twisted,1994,Desconhecido,https://www.youtube.com/watch?v=Nn8IunsYEHU,https://imvdb.com/video/fretblanket/twisted
Mötley Crüe,Misunderstood,1994,Desconhecido,https://www.youtube.com/watch?v=LoS2_WjRHo8,https://imvdb.com/video/motley-crue/misunderstood
Take That,Babe,1994,Desconhecido,https://www.youtube.com/watch?v=MviFdVHltEM,https://imvdb.com/video/take-that/babe
Alphaville,Fools,1994,Desconhecido,https://www.youtube.com/watch?v=R_aG0AMEWnM,https://imvdb.com/video/alphaville/fools
Seal,Newborn Friend,1994,Desconhecido,https://www.youtube.com/watch?v=wQOmKZCUAy8,https://imvdb.com/video/seal/newborn-friend
Pantera,I'm Broken,1994,Desconhecido,https://www.youtube.com/watch?v=2-V8kYT1pvE,https://imvdb.com/video/pantera/im-broken
Pantera,Planet Caravan,1994,Desconhecido,https://www.youtube.com/watch?v=kWChhdIgT6Q,https://imvdb.com/video/pantera/planet-caravan
Low,Words,1994,Desconhecido,https://www.youtube.com/watch?v=4AzLgswmJxA,https://imvdb.com/video/low/words
Oasis,Shakermaker,1994,Desconhecido,https://www.youtube.com/watch?v=TBvuymL98gg,https://imvdb.com/video/oasis/shakermaker
Slayer,Dittohead,1994,Desconhecido,https://www.youtube.com/watch?v=P7vO5HS2MTc,https://imvdb.com/video/slayer/dittohead
Roxette,Fireworks,1994,Desconhecido,https://www.youtube.com/watch?v=EvpYdXjE0Rc,https://imvdb.com/video/roxette/fireworks
Primal Scream,Jailbird,1994,Desconhecido,https://www.youtube.com/watch?v=zNH5aY9mHTo,https://imvdb.com/video/primal-scream/jailbird
Aerosmith,Cryin',1994,Desconhecido,https://www.youtube.com/watch?v=qfNmyxV2Ncw,https://imvdb.com/video/aerosmith/cryin
Wild Colonials,Girl,1994,Desconhecido,https://www.youtube.com/watch?v=d-9jhL0331s,https://imvdb.com/video/wild-colonials/girl
Ladae,Bye Bye,1994,Desconhecido,https://www.youtube.com/watch?v=ANCiG854jdc,https://imvdb.com/video/ladae/bye-bye
Enya,Marble Halls,1994,Desconhecido,,https://imvdb.com/video/enya/marble-halls
Satchel,Mr. Pink,1994,Desconhecido,https://www.youtube.com/watch?v=IpI2O39qJw0,https://imvdb.com/video/satchel/mr-pink
Prince,Blue Light,1994,Desconhecido,https://www.youtube.com/watch?v=pDKHRbw6ke8,https://imvdb.com/video/prince/blue-light
Usher,Think Of You,1994,Desconhecido,,https://imvdb.com/video/usher/think-of-you
PJ Harvey,50ft Queenie,1994,Desconhecido,https://www.youtube.com/watch?v=jKLiU7Hq93w,https://imvdb.com/video/pj-harvey/50
Kris Kross,Da Bomb,1994,Desconhecido,https://www.youtube.com/watch?v=JZ1YJn1PkI4,https://imvdb.com/video/kris-kross/da-bomb
Manic Street Preachers,Revol,1994,Desconhecido,https://www.youtube.com/watch?v=vf91dTrLkgA,https://imvdb.com/video/manic-street-preachers/revol
Widowmaker,Long Gone,1994,Desconhecido,https://www.youtube.com/watch?v=taZCLXeGDZc,https://imvdb.com/video/widowmaker-2/long-gone
Blackstreet,Tonight's The Night,1994,Desconhecido,https://www.youtube.com/watch?v=O2SXcLPzo7c,https://imvdb.com/video/blackstreet/tonights-the-night
Kylie Minogue,Confide In Me,1994,Desconhecido,https://www.youtube.com/watch?v=WSFDCmmsqEI,https://imvdb.com/video/kylie-minogue/confide-in-me
Shonen Knife,Tomato Head,1994,Desconhecido,https://www.youtube.com/watch?v=Zyum3OfpLC4,https://imvdb.com/video/shonen-knife/tomato-head
The Breeders,Saints,1994,Desconhecido,https://www.youtube.com/watch?v=29DKkmZMTlk,https://imvdb.com/video/the-breeders/saints
Roxette,Run to You,1994,Desconhecido,https://www.youtube.com/watch?v=lPMQYrRcz_8,https://imvdb.com/video/roxette/run-to-you
R.E.M.,Strange Currencies,1994,Desconhecido,https://www.youtube.com/watch?v=LYo2GtEvMQI,https://imvdb.com/video/r.e.m./strange-currencies/2
Corrosion Of Conformity,Albatross,1994,Desconhecido,https://www.youtube.com/watch?v=rKPicUnsPPg,https://imvdb.com/video/corrosion-of-conformity/albatross
Violent Femmes,Machine,1994,Desconhecido,https://www.youtube.com/watch?v=zIKff0dT6So,https://imvdb.com/video/violent-femmes/machine
Live,I Alone,1994,Desconhecido,https://www.youtube.com/watch?v=FNrQOUtXYOo,https://imvdb.com/video/live/i-alone
Litfiba,A denti stretti,1994,Desconhecido,https://www.youtube.com/watch?v=SAJ6Pa7rq6A,https://imvdb.com/video/litfiba/a-denti-stretti
John Mellencamp,Wild Night,1994,Desconhecido,https://www.youtube.com/watch?v=1nPPRQeTxTY,https://imvdb.com/video/john-mellencamp/wild-night
Prairie Oyster,Such a Lonely One,1994,Desconhecido,https://www.youtube.com/watch?v=HAPjMoaUCw0,https://imvdb.com/video/prairie-oyster/such-a-lonely-one
Amy Grant,Say You'll Be Mine,1994,Desconhecido,,https://imvdb.com/video/amy-grant/say-youll-be-mine
Boyzone,Love Me For A Reason,1994,Desconhecido,https://www.youtube.com/watch?v=w2BmYZkODlg,https://imvdb.com/video/boyzone/love-me-for-a-reason
Veruca Salt,Number One Blind,1994,Desconhecido,https://www.youtube.com/watch?v=PHG5P9xFyhI,https://imvdb.com/video/veruca-salt/number-one-blind
Billy Joel,No Man's Land,1994,Desconhecido,https://www.youtube.com/watch?v=T0lcOn4dHGE,https://imvdb.com/video/billy-joel/no-mans-land
Sinéad O'Connor,Fire on Babylon,1994,Desconhecido,,https://imvdb.com/video/sinead-oconnor/fire-on-babylon
Barry White,Come On,1994,Desconhecido,https://www.youtube.com/watch?v=WSEbzxCVKjc,https://imvdb.com/video/barry-white/come-on
David Ball,Thinkin' Problem,1994,Desconhecido,https://www.youtube.com/watch?v=YUqXWWb_ifA,https://imvdb.com/video/david-ball/thinkin-problem
Above The Law,Untouchable,1994,Desconhecido,https://www.youtube.com/watch?v=KWpsoc-D7z4,https://imvdb.com/video/above-the-law/untouchable
Beck,Pay No Mind (Snoozer),1994,Desconhecido,https://www.youtube.com/watch?v=yHjjqYQpBQg,https://imvdb.com/video/beck/pay-no-mind-snoozer
Luscious Jackson,Deep Shag,1994,Desconhecido,https://www.youtube.com/watch?v=ebXQSPLJ2d4,https://imvdb.com/video/luscious-jackson/deep-shag
Blur,To The End,1994,Desconhecido,https://www.youtube.com/watch?v=P7AzhJ-2vMM,https://imvdb.com/video/blur/to-the-end/2
Gunshot,Mind Of A Razor,1994,Desconhecido,https://www.youtube.com/watch?v=a7U4NW3hKtg,https://imvdb.com/video/gunshot/mind-of-a-razor
The Black Crowes,A Conspiracy,1994,Desconhecido,https://www.youtube.com/watch?v=m3UQUzzUuTA,https://imvdb.com/video/the-black-crowes/a-conspiracy
Peter Himmelman,With You,1994,Desconhecido,https://www.youtube.com/watch?v=Vbz1D08muFw,https://imvdb.com/video/peter-himmelman/with-you
Rodney Crowell,Big Heart,1994,Desconhecido,https://www.youtube.com/watch?v=nDLxIMWBS7E,https://imvdb.com/video/rodney-crowell/big-heart
Ladae,Deep Down,1994,Desconhecido,https://www.youtube.com/watch?v=LS-UGpCtMp0,https://imvdb.com/video/ladae/deep-down
Madonna,Take A Bow,1994,Desconhecido,https://www.youtube.com/watch?v=XDeiovnCv1o,https://imvdb.com/video/madonna/take-a-bow
Jeff Buckley,Last Goodbye,1994,Desconhecido,https://www.youtube.com/watch?v=3MMXjunSx80,https://imvdb.com/video/jeff-buckley/last-goodbye
Jeff Buckley,So Real,1994,Desconhecido,https://www.youtube.com/watch?v=EcaxrqhUJ4c,https://imvdb.com/video/jeff-buckley/so-real
Shaquille O'Neal,Biological Didn't Bother,1994,Desconhecido,https://www.youtube.com/watch?v=6kyDKBpq2g4,https://imvdb.com/video/shaquille-oneal/biological-didnt-bother
Stevie Nicks,Blue Denim,1994,Desconhecido,https://www.youtube.com/watch?v=Xb0IL7oXIXM,https://imvdb.com/video/stevie-nicks/blue-denim
Tori Amos,Past the Mission,1994,Desconhecido,https://www.youtube.com/watch?v=_qJLaLft2Vc,https://imvdb.com/video/tori-amos/past-the-mission
Beastie Boys,Sure Shot,1994,Desconhecido,https://www.youtube.com/watch?v=JhqyZeUlE8U,https://imvdb.com/video/beastie-boys/sure-shot
Salt 'N' Pepa,Whatta Man,1994,Desconhecido,https://www.youtube.com/watch?v=8-WFNbMohTQ,https://imvdb.com/video/salt-n-pepa/whatta-man
Live,Lightning Crashes,1994,Desconhecido,https://www.youtube.com/watch?v=xsJ4O-nSveg,https://imvdb.com/video/live/lightning-crashes
The Lemonheads,It's About Time,1994,Desconhecido,https://www.youtube.com/watch?v=u09SRUOvy54,https://imvdb.com/video/the-lemonheads/its-about-time
Fish,Lady Let It Lie,1994,Desconhecido,,https://imvdb.com/video/fish/lady-let-it-lie
Blur,Girls and Boys,1994,Desconhecido,https://www.youtube.com/watch?v=WDswiT87oo8,https://imvdb.com/video/blur/girls-and-boys
Aerosmith,Janie's Got A Gun,1994,Desconhecido,https://www.youtube.com/watch?v=RqQn2ADZE1A,https://imvdb.com/video/aerosmith/janies-got-a-gun
Céline Dion,Misled,1994,Desconhecido,https://www.youtube.com/watch?v=c1vuzMuOF7g,https://imvdb.com/video/celine-dion/misled
Eve's Plum,Die Like Someone,1994,Desconhecido,https://www.youtube.com/watch?v=preBGfeFLDk,https://imvdb.com/video/eves-plum/die-like-someone
Sponge (3),Plowed,1994,Desconhecido,https://www.youtube.com/watch?v=wmRxuIajC5g,https://imvdb.com/video/sponge-3/plowed
Mary J. Blige,Be Happy,1994,Desconhecido,https://www.youtube.com/watch?v=BvGbmEuV_lA,https://imvdb.com/video/mary-j.-blige/be-happy
Xscape,Who's That Man?,1994,Desconhecido,https://www.youtube.com/watch?v=jPyx9fAVvjc,https://imvdb.com/video/xscape/whos-that-man
Kylie Minogue,Confide In Me,1994,Desconhecido,https://www.youtube.com/watch?v=WSFDCmmsqEI,https://imvdb.com/video/kylie-minogue/confide-in-me
Jaki Graham,Ain't Nobody,1994,Desconhecido,https://www.youtube.com/watch?v=-o5SeTGY1E0,https://imvdb.com/video/jaki-graham/aint-nobody
Weezer,Undone (The Sweater Song),1994,Desconhecido,https://www.youtube.com/watch?v=LHQqqM5sr7g,https://imvdb.com/video/weezer/undone-the-sweater-song
Kenny Chesney,Me And You,1994,Desconhecido,https://www.youtube.com/watch?v=riuXdXAOArY,https://imvdb.com/video/kenny-chesney/me-and-you
R. Kelly,Bump N' Grind,1994,Desconhecido,https://www.youtube.com/watch?v=uAXxkNaRkp8,https://imvdb.com/video/r.-kelly/bump-n-grind
Onyx,Judgment Night,1994,Desconhecido,https://www.youtube.com/watch?v=9qc1zJmgfW4,https://imvdb.com/video/onyx/judgment-night
Warren G,So Many Ways,1994,Desconhecido,https://www.youtube.com/watch?v=z0PBmqJ3XPI,https://imvdb.com/video/warren-g/so-many-ways
2 Low,Funky Lil Brotha,1994,Desconhecido,https://www.youtube.com/watch?v=UAprQtiB55M,https://imvdb.com/video/2-low/funky-lil-brotha
Soundgarden,Fell On Black Days,1994,Desconhecido,https://www.youtube.com/watch?v=ySzrJ4GRF7s,https://imvdb.com/video/soundgarden/fell-on-black-days
The Offspring,Self Esteem,1994,Desconhecido,https://www.youtube.com/watch?v=CkFH0KMO0G0,https://imvdb.com/video/the-offspring/self-esteem
M People,Excited,1994,Desconhecido,https://www.youtube.com/watch?v=x3D_zHTDPMw,https://imvdb.com/video/m-people/excited/2
Too Short,Paystyle,1994,Desconhecido,https://www.youtube.com/watch?v=BravsGEEcsc,https://imvdb.com/video/too-short/paystyle
Nine Inch Nails,Burn,1994,Desconhecido,,https://imvdb.com/video/nine-inch-nails/burn
Joe Christmas,Coupleskate,1994,Desconhecido,https://www.youtube.com/watch?v=CVjeU-LeLY0,https://imvdb.com/video/joe-christmas/coupleskate
Pavement,Cut Your Hair,1994,Desconhecido,https://www.youtube.com/watch?v=QTTgpTeb0Z8,https://imvdb.com/video/pavement/cut-your-hair
Opera IX,Born In The Grave,1994,Desconhecido,https://www.youtube.com/watch?v=8em9NESSEDE,https://imvdb.com/video/opera-ix/born-in-the-grave
Fugees,Boof Baf,1994,Desconhecido,https://www.youtube.com/watch?v=uNTCoxd26mw,https://imvdb.com/video/fugees/boof-baf
Pet Shop Boys,Liberation,1994,Desconhecido,https://www.youtube.com/watch?v=K1dvlT48UyQ,https://imvdb.com/video/pet-shop-boys/liberation
Martina McBride,Swingin' Doors,1994,Desconhecido,https://www.youtube.com/watch?v=9wx5wh_zvVI,https://imvdb.com/video/martina-mcbride/swingin-doors
Roxette,Crash! Boom! Bang!,1994,Desconhecido,https://www.youtube.com/watch?v=aoXrd3_3fYI,https://imvdb.com/video/roxette/crash-boom-bang
Richard Marx,Silent Scream,1994,Desconhecido,https://www.youtube.com/watch?v=mg57bND2brw,https://imvdb.com/video/richard-marx/silent-scream
Fish,Fortunes Of War,1994,Desconhecido,https://www.youtube.com/watch?v=5MNmDOkVNPc,https://imvdb.com/video/fish/fortunes-of-war
Amy Grant,House of Love,1994,Desconhecido,https://www.youtube.com/watch?v=J5XUCMh87ow,https://imvdb.com/video/amy-grant/house-of-love/2
Tool,Prison Sex,1994,Desconhecido,https://www.youtube.com/watch?v=F5sIXUbMgF0,https://imvdb.com/video/tool/prison-sex
Sammy Kershaw,Christmas Time's A Comin',1994,Desconhecido,https://www.youtube.com/watch?v=CRk_gfWykLE,https://imvdb.com/video/sammy-kershaw/christmas-times-a-comin
Ash,Jack Names The Planets,1994,Desconhecido,https://www.youtube.com/watch?v=WUixl9oelVQ,https://imvdb.com/video/ash/jack-names-the-planets
John Mellencamp,Another Sunny Day 12/25,1994,Desconhecido,,https://imvdb.com/video/john-mellencamp/another-sunny-day-1225
Joe Diffie,In My Own Backyard,1994,Desconhecido,https://www.youtube.com/watch?v=XG5B40TSjN8,https://imvdb.com/video/joe-diffie/in-my-own-backyard
5th Ward Boyz,Ghetto Funk,1994,Desconhecido,https://www.youtube.com/watch?v=PS2BlRMrtTQ,https://imvdb.com/video/5th-ward-boyz/ghetto-funk
Die Krupps,Bloodsuckers,1994,Desconhecido,https://www.youtube.com/watch?v=QrTjl63wZxk,https://imvdb.com/video/die-krupps/bloodsuckers
Warren G,Do You See,1994,Desconhecido,https://www.youtube.com/watch?v=EoezCLhQFaE,https://imvdb.com/video/warren-g/do-you-see
The Prodigy,Voodoo People,1994,Desconhecido,https://www.youtube.com/watch?v=-Fz85FE0KtQ,https://imvdb.com/video/the-prodigy/voodoo-people
Slayer,Serenity in Murder,1994,Desconhecido,https://www.youtube.com/watch?v=JQIEM4M3FsU,https://imvdb.com/video/slayer/serenity-in-murder
Enigma,Return to Innocence,1994,Desconhecido,https://www.youtube.com/watch?v=Rk_sAHh9s08,https://imvdb.com/video/enigma-9/return-to-innocence
Michael Bolton,Completely,1994,Desconhecido,https://www.youtube.com/watch?v=JQblbhrdWsI,https://imvdb.com/video/michael-bolton/completely
Roxette,Sleeping In My Car,1994,Desconhecido,https://www.youtube.com/watch?v=S5fn1DfqPfA,https://imvdb.com/video/roxette/sleeping-in-my-car
The Lemonheads,The Great Big No,1994,Desconhecido,https://www.youtube.com/watch?v=6MaRsIwDz3U,https://imvdb.com/video/the-lemonheads/the-great-big-no
Matt Bianco,Our Love,1994,Desconhecido,,https://imvdb.com/video/matt-bianco/our-love
Alice Cooper,Lost In America,1994,Desconhecido,,https://imvdb.com/video/alice-cooper/lost-in-america
R.E.M.,Strange Currencies,1994,Desconhecido,https://www.youtube.com/watch?v=RExRs_5jM9c,https://imvdb.com/video/r.e.m./strange-currencies
Indochine,Un jour dans notre vie,1994,Desconhecido,https://www.youtube.com/watch?v=oiBuYVa6b6k,https://imvdb.com/video/indochine/un-jour-dans-notre-vie
Buckshot LeFonque,Breakfast @ Denny's,1994,Desconhecido,https://www.youtube.com/watch?v=SMrKGkKdKYU,https://imvdb.com/video/buckshot-lefonque/breakfast-dennys
Black Box,Not Anyone,1994,Desconhecido,https://www.youtube.com/watch?v=-mro2czC7Lk,https://imvdb.com/video/black-box/not-anyone
Helmet (2),Milquetoast,1994,Desconhecido,,https://imvdb.com/video/helmet-2/milquetoast
Our Lady Peace,Starseed,1994,Desconhecido,,https://imvdb.com/video/our-lady-peace/starseed
Iggy Pop,Beside You,1994,Desconhecido,https://www.youtube.com/watch?v=RrpS_H2FZC0,https://imvdb.com/video/iggy-pop/beside-you
Supergrass,Mansize Rooster,1994,Desconhecido,https://www.youtube.com/watch?v=dHlLcVHncDw,https://imvdb.com/video/supergrass/mansize-rooster
Oasis,Live Forever,1994,Desconhecido,https://www.youtube.com/watch?v=p29MG7wn4F8,https://imvdb.com/video/oasis/live-forever
Xscape,Love On My Mind,1994,Desconhecido,,https://imvdb.com/video/xscape/love-on-my-mind
Wild Colonials,Heaven & Hell,1994,Desconhecido,https://www.youtube.com/watch?v=i6ctUO5y6lw,https://imvdb.com/video/wild-colonials/heaven-hell
Collin Raye,That's My Story,1994,Desconhecido,https://www.youtube.com/watch?v=BewKY_BpVXg,https://imvdb.com/video/collin-raye/thats-my-story
David Byrne,Angels,1994,Desconhecido,https://www.youtube.com/watch?v=TE-wx_jpQUc,https://imvdb.com/video/david-byrne-1/angels
Joe Diffie,Pickup Man,1994,Desconhecido,https://www.youtube.com/watch?v=9I51JXpcLwk,https://imvdb.com/video/joe-diffie/pickup-man
Body Count,Born Dead,1994,Desconhecido,https://www.youtube.com/watch?v=X-kwNNLmhd8,https://imvdb.com/video/body-count/born-dead
Soundgarden,Black Hole Sun,1994,Desconhecido,https://www.youtube.com/watch?v=3mbBbFH9fAg,https://imvdb.com/video/soundgarden/black-hole-sun
The Notorious B.I.G.,Juicy,1994,Desconhecido,https://www.youtube.com/watch?v=_JZom_gVfuw,https://imvdb.com/video/the-notorious-big/juicy
Nas,The World Is Yours,1994,Desconhecido,https://www.youtube.com/watch?v=e5PnuIRnJW8,https://imvdb.com/video/nas/the-world-is-yours
Manic Street Preachers,Faster,1994,Desconhecido,https://www.youtube.com/watch?v=gnfzuEjX6eQ,https://imvdb.com/video/manic-street-preachers/faster
Shaquille O'Neal,Shoot Pass Slam,1994,Desconhecido,https://www.youtube.com/watch?v=SBXvNGdjM8E,https://imvdb.com/video/shaquille-oneal/shoot-pass-slam
Brian McKnight,Crazy Love,1994,Desconhecido,https://www.youtube.com/watch?v=QW4kSyY3le0,https://imvdb.com/video/brian-mcknight/crazy-love
Goldy,Nuthin' Like a Tramp,1994,Desconhecido,https://www.youtube.com/watch?v=Dbihi_Xsilg,https://imvdb.com/video/goldy/nuthin-like-a-tramp
Stone Age,Raw Dog,1994,Desconhecido,https://www.youtube.com/watch?v=gn_6xO2WbNs,https://imvdb.com/video/stone-age/raw-dog
Angelfish,Heartbreak To Hate,1994,Desconhecido,https://www.youtube.com/watch?v=hfpxux8jlQ4,https://imvdb.com/video/angelfish/heartbreak-to-hate
Pavement,Gold Soundz,1994,Desconhecido,https://www.youtube.com/watch?v=lPvhKV3Yg2k,https://imvdb.com/video/pavement/gold-soundz
Bush,Everything Zen,1994,Desconhecido,https://www.youtube.com/watch?v=Ps317u9Rhl0,https://imvdb.com/video/bush/everything-zen
Billy Idol,Speed,1994,Desconhecido,https://www.youtube.com/watch?v=bESibXv_gf8,https://imvdb.com/video/billy-idol/speed
Crystal Waters,100% Pure Love,1994,Desconhecido,https://www.youtube.com/watch?v=zQX2q6WCrbE,https://imvdb.com/video/crystal-waters/100-pure-love
Prairie Oyster,Black-Eyed Susan,1994,Desconhecido,,https://imvdb.com/video/prairie-oyster/black-eyed-susan
R.E.M.,"What's The Frequency, Kenneth?",1994,Desconhecido,https://www.youtube.com/watch?v=jWkMhCLkVOg,https://imvdb.com/video/r.e.m./whats-the-frequency-kenneth
Gumball (2),Revolution On the Rocks,1994,Desconhecido,https://www.youtube.com/watch?v=f6jmR9xihl4,https://imvdb.com/video/gumball-2/revolution-on-the-rocks
Helmet (2),Biscuits for Smut,1994,Desconhecido,https://www.youtube.com/watch?v=gWdCX9FXx5Y,https://imvdb.com/video/helmet-2/biscuits-for-smut
Grant Lee Buffalo,Mockingbirds,1994,Desconhecido,https://www.youtube.com/watch?v=NVnWAkOGxK0,https://imvdb.com/video/grant-lee-buffalo/mockingbirds
Milla Jovovich,Gentleman Who Fell,1994,Desconhecido,https://www.youtube.com/watch?v=HS3ZDjd0nso,https://imvdb.com/video/milla-jovovich/gentleman-who-fell/2
Darden Smith,Loving Arms,1994,Desconhecido,https://www.youtube.com/watch?v=nHj7Y-feyK8,https://imvdb.com/video/darden-smith/loving-arms
Ice Cube,What Can I Do,1994,Desconhecido,https://www.youtube.com/watch?v=swNoBBekMTc,https://imvdb.com/video/ice-cube/what-can-i-do
Ice Cube,Bop Gun,1994,Desconhecido,https://www.youtube.com/watch?v=DjsvqQUcqCs,https://imvdb.com/video/ice-cube/bop-gun
Weezer,Buddy Holly,1994,Desconhecido,https://www.youtube.com/watch?v=kemivUKb4f4,https://imvdb.com/video/weezer/buddy-holly
Kenny Chesney,Fall In Love,1994,Desconhecido,https://www.youtube.com/watch?v=1UeDK_HTP8Q,https://imvdb.com/video/kenny-chesney/fall-in-love
Toby Keith,Who's That Man,1994,Desconhecido,https://www.youtube.com/watch?v=OIjsSu_I4So,https://imvdb.com/video/toby-keith/whos-that-man
Slick Rick,Cuz It's Wrong,1994,Desconhecido,https://www.youtube.com/watch?v=UtsV61-Q3JI,https://imvdb.com/video/slick-rick/cuz-its-wrong
Blackstreet,Baby Be Mine,1994,Desconhecido,https://www.youtube.com/watch?v=7JECxa2YULs,https://imvdb.com/video/blackstreet/baby-be-mine
Ahmad (2),You Gotta Be,1994,Desconhecido,https://www.youtube.com/watch?v=9aff-q663DY,https://imvdb.com/video/ahmad-2/you-gotta-be
Stone Temple Pilots,Vasoline,1994,Desconhecido,https://www.youtube.com/watch?v=ht672-wYelc,https://imvdb.com/video/stone-temple-pilots/vasoline
Stabbing Westward,Lies,1994,Desconhecido,https://www.youtube.com/watch?v=1r7mOvX0qLI,https://imvdb.com/video/stabbing-westward/lies
M People,Renaissance,1994,Desconhecido,https://www.youtube.com/watch?v=tP2GXM04BEU,https://imvdb.com/video/m-people/renaissance
MC Breed,Late Nite Creep,1994,Desconhecido,https://www.youtube.com/watch?v=p7Qr7BbxT8o,https://imvdb.com/video/mc-breed/late-nite-creep
Collective Soul,Shine,1994,Desconhecido,https://www.youtube.com/watch?v=_m0bI82Rz_k,https://imvdb.com/video/collective-soul/shine
Litfiba,Lo spettacolo,1994,Desconhecido,https://www.youtube.com/watch?v=Lli-wgCCT0c,https://imvdb.com/video/litfiba/lo-spettacolo
John Mellencamp,Dance Naked,1994,Desconhecido,https://www.youtube.com/watch?v=RKrcvol1NsM,https://imvdb.com/video/john-mellencamp/dance-naked
The Supersuckers,Gold Top,1994,Desconhecido,https://www.youtube.com/watch?v=xo5-D9WFz-o,https://imvdb.com/video/the-supersuckers/gold-top
Gun (2),Word Up,1994,Desconhecido,,https://imvdb.com/video/gun-2/word-up
Soul For Real,Candy Rain,1994,Desconhecido,https://www.youtube.com/watch?v=Cx0xzO73Amo,https://imvdb.com/video/soul-for-real/candy-rain
Billy Joel,Blonde Over Blue,1994,Desconhecido,https://www.youtube.com/watch?v=BrUHFUWjn1Q,https://imvdb.com/video/billy-joel/blonde-over-blue
Green Day,Longview,1994,Desconhecido,https://www.youtube.com/watch?v=42BBdzzgPNM,https://imvdb.com/video/green-day/longview
Nancy Boy,Deep Sleep Motel,1994,Desconhecido,https://www.youtube.com/watch?v=MkC1HbZlA-o,https://imvdb.com/video/nancy-boy/deep-sleep-motel
Sugar (5),Gee Angel,1994,Desconhecido,https://www.youtube.com/watch?v=lXFiycUbG3I,https://imvdb.com/video/sugar-5/gee-angel
Tears For Fears,Elemental,1994,Desconhecido,https://www.youtube.com/watch?v=0nowBbG-cm8,https://imvdb.com/video/tears-for-fears/elemental
Sponge (3),Neenah Menasha,1994,Desconhecido,https://www.youtube.com/watch?v=cI3QmT0TOHs,https://imvdb.com/video/sponge-3/neenah-menasha
Cracker,Euro-Trash Girl,1994,Desconhecido,https://www.youtube.com/watch?v=38Vun2LYnoY,https://imvdb.com/video/cracker/euro-trash-girl
Collin Raye,My Kind of Girl,1994,Desconhecido,https://www.youtube.com/watch?v=pspDTWS6KPA,https://imvdb.com/video/collin-raye/my-kind-of-girl
Clint Black,Summer's Comin',1994,Desconhecido,,https://imvdb.com/video/clint-black-1/summers-comin
Material Issue,Kim The Waitress,1994,Desconhecido,https://www.youtube.com/watch?v=kS5oa5IPSX0,https://imvdb.com/video/material-issue/kim-the-waitress
Arrested Development,United Front,1994,Desconhecido,https://www.youtube.com/watch?v=NDcMKGgbxhA,https://imvdb.com/video/arrested-development/united-front
The Tragically Hip,Greasy Jungle,1994,Desconhecido,https://www.youtube.com/watch?v=0aL4WCiaGBI,https://imvdb.com/video/the-tragically-hip/greasy-jungle
Slick Rick,Behind Bars,1994,Desconhecido,https://www.youtube.com/watch?v=AVRv1dA5Byc,https://imvdb.com/video/slick-rick/behind-bars
Too Short,Cocktails,1994,Desconhecido,https://www.youtube.com/watch?v=VezpCq-EIss,https://imvdb.com/video/too-short/cocktails
Blues Traveler,Hook,1994,Desconhecido,https://www.youtube.com/watch?v=pdz5kCaCRFM,https://imvdb.com/video/blues-traveler/hook
Blind Melon,Change,1994,Desconhecido,https://www.youtube.com/watch?v=Yn1WbBaWTdc,https://imvdb.com/video/blind-melon/change
The Cramps,Ultra Twist,1994,Desconhecido,https://www.youtube.com/watch?v=u8BXmq93qnA,https://imvdb.com/video/the-cramps/ultra-twist
Paulina Rubio,Asunto De Dos,1994,Desconhecido,https://www.youtube.com/watch?v=3fXYlW2V2Uk,https://imvdb.com/video/paulina-rubio/asunto-de-dos
Paulina Rubio,El Me Engaño,1994,Desconhecido,https://www.youtube.com/watch?v=VBWkzpcabCE,https://imvdb.com/video/paulina-rubio/el-me-engano
Crystal Waters,What I Need,1994,Desconhecido,,https://imvdb.com/video/crystal-waters/what-i-need
Laura Pausini,Se Fue,1994,Desconhecido,https://www.youtube.com/watch?v=aDzTCi-Z-FE,https://imvdb.com/video/laura-pausini/se-fue
Lisa Stansfield,Dream Away,1994,Desconhecido,https://www.youtube.com/watch?v=LK08AXDhM6M,https://imvdb.com/video/lisa-stansfield/dream-away
Alice Cooper,It's Me,1994,Desconhecido,https://www.youtube.com/watch?v=cVvwO7pvX5E,https://imvdb.com/video/alice-cooper/its-me
Fun Factory,Pain,1994,Desconhecido,https://www.youtube.com/watch?v=cmzHG6M2KVg,https://imvdb.com/video/fun-factory-1/pain
Maxx (3),Get-A-Way,1994,Desconhecido,https://www.youtube.com/watch?v=NWmO13K2ltM,https://imvdb.com/video/maxx-3/get-a-way
Doop,Wan Too,1994,Desconhecido,https://www.youtube.com/watch?v=NhevjBvlro4,https://imvdb.com/video/doop/wan-too
The Kelly Family,First Time,1994,Desconhecido,https://www.youtube.com/watch?v=k7t76_LvxJc,https://imvdb.com/video/the-kelly-family/first-time
Pete Lundblad,Heartbreak Dance,1994,Desconhecido,https://www.youtube.com/watch?v=79vGsi6g4_A,https://imvdb.com/video/pete-lundblad/heartbreak-dance
Edyta Górniak,Jestem kobiet?,1994,Desconhecido,https://www.youtube.com/watch?v=8lKZahL0vfo,https://imvdb.com/video/edyta-górniak/jestem-kobieta
Everclear,Fire Maple Song,1994,Desconhecido,https://www.youtube.com/watch?v=bbqeO3S1fOk,https://imvdb.com/video/everclear/fire-maple-song
Portishead,Sour Times,1994,Desconhecido,https://www.youtube.com/watch?v=AWXr68l6ACQ,https://imvdb.com/video/portishead/sour-times
Joshua Kadison,Jessie,1994,Desconhecido,https://www.youtube.com/watch?v=gre4DZuA6k4,https://imvdb.com/video/joshua-kadison/jessie
Beck,Pay No Mind (Snoozer),1994,Desconhecido,https://www.youtube.com/watch?v=yHjjqYQpBQg,https://imvdb.com/video/beck/pay-no-mind-snoozer
Snoop Dogg,Gin and Juice,1994,Desconhecido,https://www.youtube.com/watch?v=0Cxr1-b6Xkc,https://imvdb.com/video/snoop-dogg/gin-and-juice
TLC,Diggin' On You,1994,Desconhecido,https://www.youtube.com/watch?v=tReIHIDX354,https://imvdb.com/video/tlc/diggin-on-you
Spin Doctors,Mary Jane,1994,Desconhecido,https://www.youtube.com/watch?v=kNzwbRJIpgw,https://imvdb.com/video/spin-doctors/mary-jane
Supergrass,Caught By the Fuzz,1994,Desconhecido,https://www.youtube.com/watch?v=GNIMuvbiZcc,https://imvdb.com/video/supergrass/caught-by-the-fuzz
Opera IX,The Red Death,1994,Desconhecido,https://www.youtube.com/watch?v=Iun60hMZlwU,https://imvdb.com/video/opera-ix/the-red-death
Suicidal Tendencies,Love vs. Loneliness,1994,Desconhecido,https://www.youtube.com/watch?v=kCRM5WqdYG4,https://imvdb.com/video/suicidal-tendencies/love-vs-loneliness
Activate,Save Me,1994,Desconhecido,https://www.youtube.com/watch?v=saD6JX_YyHM,https://imvdb.com/video/activate/save-me
Steve Perry,Missing You,1994,Desconhecido,,https://imvdb.com/video/steve-perry/missing-you
Alan Jackson,Summertime Blues,1994,Desconhecido,https://www.youtube.com/watch?v=G9x0wbKHos0,https://imvdb.com/video/alan-jackson/summertime-blues
Angela Winbush,Inner City Blues,1994,Desconhecido,https://www.youtube.com/watch?v=_0YHsCmJ3Us,https://imvdb.com/video/angela-winbush/inner-city-blues
Laura Pausini,La Soledad,1994,Desconhecido,https://www.youtube.com/watch?v=89gD-QMFXSQ,https://imvdb.com/video/laura-pausini/la-soledad
Megadeth,Train Of Consequences,1994,Desconhecido,https://www.youtube.com/watch?v=-G38VlmOib8,https://imvdb.com/video/megadeth/train-of-consequences
Empress of Fur,Johnny Voodoo,1994,Desconhecido,https://www.youtube.com/watch?v=d6FNVeB5H5A,https://imvdb.com/video/empress-of-fur/johnny-voodoo
Amy Grant,Lucky One,1994,Desconhecido,https://www.youtube.com/watch?v=zWvcJIcrt_E,https://imvdb.com/video/amy-grant/lucky-one
Elton John,Circle Of Life,1994,Desconhecido,https://www.youtube.com/watch?v=o8ZnCT14nRc,https://imvdb.com/video/elton-john/circle-of-life
Moby,Feeling So Real,1994,Desconhecido,https://www.youtube.com/watch?v=Ju2L6NhSebQ,https://imvdb.com/video/moby/feeling-so-real
Face To Face,Debt,1994,Desconhecido,https://www.youtube.com/watch?v=eQ-vmvR0hIc,https://imvdb.com/video/face-to-face/debt
Marty Stuart,"Kiss Me, I'm Gone",1994,Desconhecido,https://www.youtube.com/watch?v=D7b5p7JwdxA,https://imvdb.com/video/marty-stuart/kiss-me-im-gone
The Charlatans,Jesus Hairdo,1994,Desconhecido,https://www.youtube.com/watch?v=ET-Bo3gmV9o,https://imvdb.com/video/the-charlatans/jesus-hairdo
Eternal,Oh Baby I...,1994,Desconhecido,https://www.youtube.com/watch?v=s374QzglSjE,https://imvdb.com/video/eternal/oh-baby-i
Megadeth,A Tout Le Monde,1994,Desconhecido,https://www.youtube.com/watch?v=aU-dKoFZT0A,https://imvdb.com/video/megadeth/a-tout-le-monde
Juliet Roberts,I Want You,1994,Desconhecido,https://www.youtube.com/watch?v=yW92g_usJuc,https://imvdb.com/video/juliet-roberts/i-want-you
"Murmurs, The",You Suck,1994,Desconhecido,https://www.youtube.com/watch?v=I82AfD7QJ3U,https://imvdb.com/video/the-murmurs/you-suck
The Smashing Pumpkins,Rocket,1994,Desconhecido,https://www.youtube.com/watch?v=Th-AqMvvBzE,https://imvdb.com/video/smashing-pumpkins-the/rocket
Hole,Doll Parts,1994,Desconhecido,https://www.youtube.com/watch?v=RD9xK9smth4,https://imvdb.com/video/hole/doll-parts
Hole,Miss World,1994,Desconhecido,https://www.youtube.com/watch?v=mS1Ckczz0LQ,https://imvdb.com/video/hole/miss-world
Sophie B. Hawkins,Right Beside You,1994,Desconhecido,https://www.youtube.com/watch?v=VDJSOAYEzPA,https://imvdb.com/video/sophie-b.-hawkins/right-beside-you
Marilyn Manson,Lunchbox,1994,Desconhecido,https://www.youtube.com/watch?v=PRFJoUBP54o,https://imvdb.com/video/marilyn-manson/lunchbox
Nine Inch Nails,Closer,1994,Desconhecido,https://www.youtube.com/watch?v=PTFwQP86BRs,https://imvdb.com/video/nine-inch-nails/closer
Orbital,Are We Here?,1994,Desconhecido,https://www.youtube.com/watch?v=6cUcwh2vbqY,https://imvdb.com/video/orbital/are-we-here
Big Mello,Wegonefunkwichamind,1994,Desconhecido,https://www.youtube.com/watch?v=zuwr9ca6Qt0,https://imvdb.com/video/big-mello/wegonefunkwichamind
The Breeders,Shocker In Gloomtown,1994,Desconhecido,https://www.youtube.com/watch?v=glAeyRcWyso,https://imvdb.com/video/the-breeders/shocker-in-gloomtown
Annie Lennox,Wait In Vain,1994,Desconhecido,https://www.youtube.com/watch?v=i74Y-5WKFsA,https://imvdb.com/video/annie-lennox/wait-in-vain
Acacia,Maddening Shroud,1994,Desconhecido,https://www.youtube.com/watch?v=G0s0fSeSSbU,https://imvdb.com/video/acacia/maddening-shroud
Rednex,Old Pop in an Oak,1994,Desconhecido,https://www.youtube.com/watch?v=_YuJZzuHDf8,https://imvdb.com/video/rednex/old-pop-in-an-oak
2 Unlimited,The Real Thing,1994,Desconhecido,https://www.youtube.com/watch?v=2YVYxV66lGQ,https://imvdb.com/video/2-unlimited/the-real-thing
Veruca Salt,All Hail Me,1994,Desconhecido,https://www.youtube.com/watch?v=8LimHXfavgw,https://imvdb.com/video/veruca-salt/all-hail-me
Soul For Real,Ain't No Sunshine,1994,Desconhecido,https://www.youtube.com/watch?v=f4IbjgrOzk8,https://imvdb.com/video/soul-for-real/aint-no-sunshine
Enigma,Carly's Song,1994,Desconhecido,https://www.youtube.com/watch?v=F3Ag4Tnbhck,https://imvdb.com/video/enigma-9/carlys-song
Widespread Panic,Can't Get High,1994,Desconhecido,https://www.youtube.com/watch?v=o4OBNy7tWOk,https://imvdb.com/video/widespread-panic/cant-get-high
Trisha Yearwood,It Wasn't His Child,1994,Desconhecido,https://www.youtube.com/watch?v=FUtImBmI12Y,https://imvdb.com/video/trisha-yearwood/it-wasnt-his-child
Bob Seger,Night Moves,1994,Desconhecido,https://www.youtube.com/watch?v=bgOA24hAe60,https://imvdb.com/video/bob-seger/night-moves
Soul Asylum,Can't Even Tell,1994,Desconhecido,https://www.youtube.com/watch?v=esE-XvZicxE,https://imvdb.com/video/soul-asylum-2/cant-even-tell
Tim McGraw,Indian Outlaw,1994,Desconhecido,https://www.youtube.com/watch?v=kqlR4IEl_04,https://imvdb.com/video/tim-mcgraw/indian-outlaw
Blues Traveler,But Anyway,1994,Desconhecido,https://www.youtube.com/watch?v=XjYGpTkoRVw,https://imvdb.com/video/blues-traveler/but-anyway
Live,Selling the Drama,1994,Desconhecido,https://www.youtube.com/watch?v=xSHAqHA-SPc,https://imvdb.com/video/live/selling-the-drama
The Goats,Rumblefish,1994,Desconhecido,https://www.youtube.com/watch?v=YzE_ucGMudo,https://imvdb.com/video/the-goats-1/rumblefish
Strike,U Sure Do,1994,Desconhecido,https://www.youtube.com/watch?v=A3j2pGMnKj4,https://imvdb.com/video/strike/u-sure-do
Grant Lee Buffalo,Fuzzy,1994,Desconhecido,https://www.youtube.com/watch?v=ILpq6LDrUWQ,https://imvdb.com/video/grant-lee-buffalo/fuzzy
Terrorvision,Pretend Best Friend,1994,Desconhecido,https://www.youtube.com/watch?v=BNXijH0LmZg,https://imvdb.com/video/terrorvision/pretend-best-friend
Marty Stuart,That's What Love's About,1994,Desconhecido,https://www.youtube.com/watch?v=3vOxJlDmrdI,https://imvdb.com/video/marty-stuart/thats-what-loves-about
Texas,So In Love With You,1994,Desconhecido,,https://imvdb.com/video/texas/so-in-love-with-you
Nova Mob,Old Empire,1994,Desconhecido,https://www.youtube.com/watch?v=zCBd7e0wCBQ,https://imvdb.com/video/nova-mob/old-empire
Eternal,So Good,1994,Desconhecido,https://www.youtube.com/watch?v=17J18drxq34,https://imvdb.com/video/eternal/so-good
Kim Appleby,Free Spirit,1994,Desconhecido,https://www.youtube.com/watch?v=FmmVbnexry0,https://imvdb.com/video/kim-appleby/free-spirit
Fat Tuesday,Winter Storm,1994,Desconhecido,https://www.youtube.com/watch?v=6shcOaU36h8,https://imvdb.com/video/fat-tuesday/winter-storm
Gigolo Aunts,Bloom,1994,Desconhecido,https://www.youtube.com/watch?v=MA1dchBD8d8,https://imvdb.com/video/gigolo-aunts/bloom
Weird Al Yankovic,Headline News,1994,Desconhecido,https://www.youtube.com/watch?v=dU95v23MQ4c,https://imvdb.com/video/weird-al-yankovic/headline-news
The Stone Roses,Love Spreads,1994,Desconhecido,https://www.youtube.com/watch?v=ct-qa6SjRZo,https://imvdb.com/video/the-stone-roses/love-spreads
Da Brat,Fa All Y'All,1994,Desconhecido,https://www.youtube.com/watch?v=8lkAUMHypM0,https://imvdb.com/video/da-brat/fa-all-yall
The Tragically Hip,Thugs,1994,Desconhecido,https://www.youtube.com/watch?v=USVW602SYVk,https://imvdb.com/video/the-tragically-hip/thugs
Björk,Violently Happy,1994,Desconhecido,https://www.youtube.com/watch?v=UGSVTCjVXwc,https://imvdb.com/video/bjork/violently-happy
L7,Stuck Here Again,1994,Desconhecido,https://www.youtube.com/watch?v=fFaqWSd9sjE,https://imvdb.com/video/l7/stuck-here-again
Suede,Wild Ones,1994,Desconhecido,https://www.youtube.com/watch?v=a0SuX1IvJys,https://imvdb.com/video/suede/wild-ones
Tasmin Archer,Shipbuilding,1994,Desconhecido,https://www.youtube.com/watch?v=cg0d2id-JmE,https://imvdb.com/video/tasmin-archer/shipbuilding
Amorphis,Black Winter Day,1994,Desconhecido,https://www.youtube.com/watch?v=FxG5pjI8wLk,https://imvdb.com/video/amorphis/black-winter-day
UB40,Reggae Music,1994,Desconhecido,https://www.youtube.com/watch?v=kC6X0mI2dPw,https://imvdb.com/video/ub40/reggae-music
Sign Of Zodiac,Le Cygne,1994,Desconhecido,https://www.youtube.com/watch?v=LxFUppMxStc,https://imvdb.com/video/sign-of-zodiac/le-cygne
Method Man,Bring The Pain,1994,Desconhecido,https://www.youtube.com/watch?v=T0BlXy3Roj4,https://imvdb.com/video/method-man/bring-the-pain
Lush,Desire Lines,1994,Desconhecido,https://www.youtube.com/watch?v=1ccElDZUTpQ,https://imvdb.com/video/lush-1/desire-lines
Silja,Time For Eternity,1994,Desconhecido,,https://imvdb.com/video/silja/time-for-eternity
Soul For Real,Candy Rain (Remix),1994,Desconhecido,https://www.youtube.com/watch?v=VAyCyETLT1o,https://imvdb.com/video/soul-for-real/candy-rain-remix
Quicksand (3),Freezing Process,1994,Desconhecido,https://www.youtube.com/watch?v=1oa5d1h0JHA,https://imvdb.com/video/quicksand-3/freezing-process
Melissa Etheridge,All American Girl,1994,Desconhecido,https://www.youtube.com/watch?v=kFlZptuv0eo,https://imvdb.com/video/melissa-etheridge/all-american-girl
Barry Manilow,I Can't Get Started,1994,Desconhecido,https://www.youtube.com/watch?v=29P88slwYcw,https://imvdb.com/video/barry-manilow/i-cant-get-started
El DeBarge,Can't Get Enough,1994,Desconhecido,https://www.youtube.com/watch?v=fNW0ewPCdac,https://imvdb.com/video/el-debarge/cant-get-enough
Zhané,Sending My Love,1994,Desconhecido,https://www.youtube.com/watch?v=mx3AD9VmN9k,https://imvdb.com/video/zhané/sending-my-love
Roxanne Shanté,Roxanne's Revenge,1994,Desconhecido,https://www.youtube.com/watch?v=0eckRNcHCKA,https://imvdb.com/video/roxanne-shanté/roxannes-revenge
TLC,Red Light Special,1994,Desconhecido,https://www.youtube.com/watch?v=dP2t9LBeAwo,https://imvdb.com/video/tlc/red-light-special
Blink-182,M&M's,1994,Desconhecido,https://www.youtube.com/watch?v=kZs88WWGDoo,https://imvdb.com/video/blink-182/mms
Faith Hill,But I Will,1994,Desconhecido,https://www.youtube.com/watch?v=T647itX4nIg,https://imvdb.com/video/faith-hill/but-i-will
ZZ Top,Breakaway,1994,Desconhecido,https://www.youtube.com/watch?v=kSHhAkVreiw,https://imvdb.com/video/zz-top/breakaway
ZZ Top,World of Swirl,1994,Desconhecido,https://www.youtube.com/watch?v=MJTKGRcQvvE,https://imvdb.com/video/zz-top/world-of-swirl
Madonna,I'll Remember,1994,Desconhecido,https://www.youtube.com/watch?v=wUefFs8V-dY,https://imvdb.com/video/madonna/ill-remember
Seal,Kiss From A Rose,1994,Desconhecido,https://www.youtube.com/watch?v=ateQQc-AgEM,https://imvdb.com/video/seal/kiss-from-a-rose
Spin Doctors,Cleopatra's Cat,1994,Desconhecido,https://www.youtube.com/watch?v=GuDgvbpVQD4,https://imvdb.com/video/spin-doctors/cleopatras-cat
4 Non Blondes,Superfly,1994,Desconhecido,https://www.youtube.com/watch?v=Jeu4l7Mnf9I,https://imvdb.com/video/4-non-blondes/superfly
Candlebox,Far Behind,1994,Desconhecido,https://www.youtube.com/watch?v=Y-LW6m0zX5A,https://imvdb.com/video/candlebox/far-behind
Fugees,Nappy Heads,1994,Desconhecido,https://www.youtube.com/watch?v=s8sNnNRhQ2g,https://imvdb.com/video/fugees/nappy-heads
Alan Jackson,Livin' On Love,1994,Desconhecido,https://www.youtube.com/watch?v=DDXLmYyFu4I,https://imvdb.com/video/alan-jackson/livin-on-love
Maggie Estep,Hey Baby,1994,Desconhecido,https://www.youtube.com/watch?v=8uj21cW1LB0,https://imvdb.com/video/maggie-estep/hey-baby
Robbie Robertson,Mahk Jchi,1994,Desconhecido,,https://imvdb.com/video/robbie-robertson/mahk-jchi
Medicine (2),Time Baby III,1994,Desconhecido,https://www.youtube.com/watch?v=OcVO0iAIcJo,https://imvdb.com/video/medicine-2/time-baby-iii
Roachford,Only To Be With You,1994,Desconhecido,https://www.youtube.com/watch?v=oQ14v01M_cY,https://imvdb.com/video/roachford/only-to-be-with-you
Massive Attack,Sly,1994,Desconhecido,https://www.youtube.com/watch?v=Dsv21Qq3hOc,https://imvdb.com/video/massive-attack/sly
D-Mob,Why?,1994,Desconhecido,https://www.youtube.com/watch?v=8jLjWX4CTcA,https://imvdb.com/video/d-mob-1/why
The Almighty,Wrench,1994,Desconhecido,https://www.youtube.com/watch?v=ddVReoq5G0o,https://imvdb.com/video/the-almighty-1/wrench
Erasure,Run to the Sun,1994,Desconhecido,https://www.youtube.com/watch?v=AvhgG9ee9Aw,https://imvdb.com/video/erasure/run-to-the-sun
Erasure,I Love Saturday,1994,Desconhecido,https://www.youtube.com/watch?v=wmwPh6MHpcU,https://imvdb.com/video/erasure/i-love-saturday
Aerosmith,Blind Man,1994,Desconhecido,https://www.youtube.com/watch?v=B0JLFcbtqvs,https://imvdb.com/video/aerosmith/blind-man
Throwing Muses,Bright Yellow Gun,1994,Desconhecido,https://www.youtube.com/watch?v=pZ5FpXLOh-Q,https://imvdb.com/video/throwing-muses/bright-yellow-gun
Pantera,5 Minutes Alone,1994,Desconhecido,https://www.youtube.com/watch?v=7m7njvwB-Ks,https://imvdb.com/video/pantera/5-minutes-alone
Sugar (5),Your Favorite Thing,1994,Desconhecido,https://www.youtube.com/watch?v=VqIMxWtj9Jg,https://imvdb.com/video/sugar-5/your-favorite-thing
Enigma,Out From The Deep,1994,Desconhecido,https://www.youtube.com/watch?v=yNTv2Au5Bv8,https://imvdb.com/video/enigma-9/out-from-the-deep
Da Brat,Give It 2 You,1994,Desconhecido,https://www.youtube.com/watch?v=YFLt1lhbtKM,https://imvdb.com/video/da-brat/give-it-2-you
The Stone Roses,Begging You,1994,Desconhecido,https://www.youtube.com/watch?v=S1Ke19kxGp8,https://imvdb.com/video/the-stone-roses/begging-you
Sting,When We Dance,1994,Desconhecido,https://www.youtube.com/watch?v=aWjfONP51G4,https://imvdb.com/video/sting/when-we-dance
Willie Nelson,Afraid,1994,Desconhecido,https://www.youtube.com/watch?v=yDrnqcBLhl4,https://imvdb.com/video/willie-nelson/afraid
Retarted Elf,What Up G?,1994,Desconhecido,https://www.youtube.com/watch?v=b-ZY8sorerE,https://imvdb.com/video/retarted-elf/what-up-g
Warren G,This D.J.,1994,Desconhecido,https://www.youtube.com/watch?v=jEJa7t4ST0I,https://imvdb.com/video/warren-g/this-d.j
Goldie,Inner City Life,1994,Desconhecido,https://www.youtube.com/watch?v=DJDvxRkmeqw,https://imvdb.com/video/goldie/inner-city-life
Soul Coughing,Down To This,1994,Desconhecido,https://www.youtube.com/watch?v=V-GqTr8THJg,https://imvdb.com/video/soul-coughing/down-to-this
ZZ Top,Pincushion,1994,Desconhecido,https://www.youtube.com/watch?v=gwq_QW4nrUc,https://imvdb.com/video/zz-top/pincushion
Tori Amos,Cornflake Girl,1994,Desconhecido,https://www.youtube.com/watch?v=uXVjWTxvYVQ,https://imvdb.com/video/tori-amos/cornflake-girl
David Bowie,Buddha of Suburbia,1994,Desconhecido,https://www.youtube.com/watch?v=48d4irOHhLY,https://imvdb.com/video/david-bowie/buddha-of-suburbia
Sonic Youth,Bull In The Heather,1994,Desconhecido,https://www.youtube.com/watch?v=8JGBNkLM9_8,https://imvdb.com/video/sonic-youth/bull-in-the-heather
Beastie Boys,Ricky's Theme,1994,Desconhecido,,https://imvdb.com/video/beastie-boys/rickys-theme
That Dog,Old Timer,1994,Desconhecido,https://www.youtube.com/watch?v=glDFPjrolx0,https://imvdb.com/video/that-dog/old-timer
Marxman,All About Eve,1994,Desconhecido,https://www.youtube.com/watch?v=YIdAA9ODSkc,https://imvdb.com/video/marxman/all-about-eve/2
Real McCoy,Another Night,1994,Desconhecido,https://www.youtube.com/watch?v=Pav2f4b-1ZE,https://imvdb.com/video/real-mccoy/another-night
Corrosion Of Conformity,Clean My Wounds,1994,Desconhecido,https://www.youtube.com/watch?v=yvsQsao1F88,https://imvdb.com/video/corrosion-of-conformity/clean-my-wounds
Suede,Stay Together,1994,Desconhecido,https://www.youtube.com/watch?v=LPfhAksS28g,https://imvdb.com/video/suede/stay-together
Laura Pausini,Strani Amori,1994,Desconhecido,https://www.youtube.com/watch?v=s5LAMxM4OV0,https://imvdb.com/video/laura-pausini/strani-amori
Crystal Waters,Ghetto Day,1994,Desconhecido,https://www.youtube.com/watch?v=jrNkKVTWaNA,https://imvdb.com/video/crystal-waters/ghetto-day
Everything But The Girl,Rollercoaster,1994,Desconhecido,https://www.youtube.com/watch?v=FQZNZ44ooZA,https://imvdb.com/video/everything-but-the-girl/rollercoaster
Dr. Alban,Away From Home,1994,Desconhecido,https://www.youtube.com/watch?v=kDNpe6lQ9yc,https://imvdb.com/video/dr.-alban/away-from-home
Little Texas,My Love,1994,Desconhecido,https://www.youtube.com/watch?v=0TtlhhZjskw,https://imvdb.com/video/little-texas/my-love
Alison Moyet,Getting Into Something,1994,Desconhecido,https://www.youtube.com/watch?v=XEguAz7K73s,https://imvdb.com/video/alison-moyet/getting-into-something
Santana,"Luz, Amor Y Vida",1994,Desconhecido,https://www.youtube.com/watch?v=OYSQtv66k20,https://imvdb.com/video/santana/luz-amor-y-vida
Cracker,Get Off This,1994,Desconhecido,https://www.youtube.com/watch?v=WbbYp7dcYFo,https://imvdb.com/video/cracker/get-off-this
Travis Tritt,Foolish Pride,1994,Desconhecido,https://www.youtube.com/watch?v=j8o7H35x6Hc,https://imvdb.com/video/travis-tritt/foolish-pride
Brian Setzer Orchestra,Lady Luck,1994,Desconhecido,https://www.youtube.com/watch?v=w84LKIWqU0E,https://imvdb.com/video/brian-setzer-orchestra/lady-luck
Phish,Down With Disease,1994,Desconhecido,https://www.youtube.com/watch?v=BC96ZQHMWaY,https://imvdb.com/video/phish/down-with-disease
Infectious Grooves,Cousin Randy,1994,Desconhecido,https://www.youtube.com/watch?v=RYc3BBWoGVU,https://imvdb.com/video/infectious-grooves/cousin-randy
The Boo Radleys,Barney (...And Me),1994,Desconhecido,https://www.youtube.com/watch?v=onlj1LrOXic,https://imvdb.com/video/the-boo-radleys/barney-and-me
Nas,One Love,1994,Desconhecido,https://www.youtube.com/watch?v=hxce_qvhi5I,https://imvdb.com/video/nas/one-love
Queen Latifah,Black Hand Side,1994,Desconhecido,https://www.youtube.com/watch?v=ujbXozMPzF8,https://imvdb.com/video/queen-latifah/black-hand-side
Jimi Hendrix,Bleeding Heart,1994,Desconhecido,https://www.youtube.com/watch?v=COsVgbAJ8B8,https://imvdb.com/video/jimi-hendrix/bleeding-heart
Further,Surfing Pointers,1994,Desconhecido,https://www.youtube.com/watch?v=3xtgrNNVnTc,https://imvdb.com/video/further/surfing-pointers
Sugar Ray,Caboose,1994,Desconhecido,https://www.youtube.com/watch?v=sJMi5qKlZq8,https://imvdb.com/video/sugar-ray-2/caboose
OutKast,"Git Up, Git Out",1994,Desconhecido,https://www.youtube.com/watch?v=CssC-DY4lO8,https://imvdb.com/video/outkast/git-up-git-out
Pavement,Range Life,1994,Desconhecido,https://www.youtube.com/watch?v=1VVj1zqbWpU,https://imvdb.com/video/pavement/range-life
Real McCoy,Run Away,1994,Desconhecido,https://www.youtube.com/watch?v=vWgMnubJ4dQ,https://imvdb.com/video/real-mccoy/run-away/2
Herbert Grönemeyer,Morgenrot,1994,Desconhecido,https://www.youtube.com/watch?v=bzCbWSVHwME,https://imvdb.com/video/herbert-gronemeyer-1/morgenrot
Counting Crows,Round Here,1994,Desconhecido,https://www.youtube.com/watch?v=SAe3sCIakXo,https://imvdb.com/video/counting-crows/round-here
Gloria Estefan,It's Too Late,1994,Desconhecido,https://www.youtube.com/watch?v=wg19Y-m5tag,https://imvdb.com/video/gloria-estefan/its-too-late
Fastbacks,Waste Of Time,1994,Desconhecido,https://www.youtube.com/watch?v=NH4wHBG-gN0,https://imvdb.com/video/fastbacks/waste-of-time
Kristin Hersh,Your Ghost,1994,Desconhecido,https://www.youtube.com/watch?v=UXlX6HKSHUc,https://imvdb.com/video/kristin-hersh/your-ghost
Queensrÿche,I Am I,1994,Desconhecido,https://www.youtube.com/watch?v=u6se8D4JQ1Y,https://imvdb.com/video/queensryche/i-am-i
Dr. Alban,Look Who's Talking,1994,Desconhecido,https://www.youtube.com/watch?v=o9KZ_VGgqSU,https://imvdb.com/video/dr.-alban/look-whos-talking
Youssou N'Dour,7 Seconds,1994,Desconhecido,https://www.youtube.com/watch?v=wqCpjFMvz-k,https://imvdb.com/video/youssou-ndour/7-seconds
Sausage,Riddles Are Abound Tonight,1994,Desconhecido,https://www.youtube.com/watch?v=bWDerX2UCEs,https://imvdb.com/video/sausage/riddles-are-abound-tonight
Vince Gill,What The Cowgirls Do,1994,Desconhecido,https://www.youtube.com/watch?v=HaT5wWyjd2A,https://imvdb.com/video/vince-gill/what-the-cowgirls-do
Mötley Crüe,Smoke the Sky,1994,Desconhecido,https://www.youtube.com/watch?v=-o9S8wyPHVs,https://imvdb.com/video/motley-crue/smoke-the-sky
Helmet (2),Wilma's Rainbow,1994,Desconhecido,https://www.youtube.com/watch?v=k3a8Ow-DoAw,https://imvdb.com/video/helmet-2/wilmas-rainbow
Blur,To The End,1994,Desconhecido,https://www.youtube.com/watch?v=0DjHKqb365A,https://imvdb.com/video/blur/to-the-end
Bee Gees,Kiss Of Life,1994,Desconhecido,https://www.youtube.com/watch?v=5MlrLXiZMu4,https://imvdb.com/video/bee-gees/kiss-of-life
Rush,Nobody's Hero,1994,Desconhecido,https://www.youtube.com/watch?v=AzlDGao2fRw,https://imvdb.com/video/rush-2/nobodys-hero
ZZ Top,Antenna Head,1994,Desconhecido,,https://imvdb.com/video/zz-top/antenna-head
Clint Black,One Emotion,1994,Desconhecido,,https://imvdb.com/video/clint-black-1/one-emotion
Rodney Crowell,Please Remember Me,1994,Desconhecido,https://www.youtube.com/watch?v=FfT7uibD2EM,https://imvdb.com/video/rodney-crowell/please-remember-me
Shudder To Think,Hit Liquor,1994,Desconhecido,https://www.youtube.com/watch?v=V5VLhwR4Y14,https://imvdb.com/video/shudder-to-think/hit-liquor
Megadeth,Reckoning Day,1994,Desconhecido,https://www.youtube.com/watch?v=QiMb08L2-cg,https://imvdb.com/video/megadeth/reckoning-day
The Cranberries,Zombie,1994,Desconhecido,https://www.youtube.com/watch?v=6Ejga4kJUts,https://imvdb.com/video/the-cranberries/zombie
Marilyn Manson,Get Your Gunn,1994,Desconhecido,https://www.youtube.com/watch?v=phjXoYqYE2U,https://imvdb.com/video/marilyn-manson/get-your-gunn
The Tragically Hip,"Grace, Too",1994,Desconhecido,https://www.youtube.com/watch?v=d18UWu4dRv4,https://imvdb.com/video/the-tragically-hip/grace-too
Janet Jackson,You Want This,1994,Desconhecido,https://www.youtube.com/watch?v=utxsSg1n_SQ,https://imvdb.com/video/janet-jackson/you-want-this
OutKast,Player's Ball,1994,Desconhecido,https://www.youtube.com/watch?v=vFofKGKlWo4,https://imvdb.com/video/outkast/players-ball
Butthole Surfers,Dust Devil,1994,Desconhecido,https://www.youtube.com/watch?v=yvzi5dlOdzw,https://imvdb.com/video/butthole-surfers/dust-devil
Stabbing Westward,Nothing,1994,Desconhecido,https://www.youtube.com/watch?v=r6msMrb0m6I,https://imvdb.com/video/stabbing-westward/nothing
M People,Open Your Heart,1994,Desconhecido,https://www.youtube.com/watch?v=IZUaoalM6YY,https://imvdb.com/video/m-people/open-your-heart
Tori Amos,God,1994,Desconhecido,,https://imvdb.com/video/tori-amos/god
Stina Nordenstam,Little Star,1994,Desconhecido,https://www.youtube.com/watch?v=sQIowXjGGMI,https://imvdb.com/video/stina-nordenstam/little-star
Cam,Heaven's Lost,1994,Desconhecido,https://www.youtube.com/watch?v=9AjVxW4ABwI,https://imvdb.com/video/cam-1/heavens-lost
Dinosaur Jr.,Feel The Pain,1994,Desconhecido,,https://imvdb.com/video/dinosaur-jr./feel-the-pain
Marta Sánchez,De Mujer A Mujer,1994,Desconhecido,https://www.youtube.com/watch?v=5ABFhCujtk4,https://imvdb.com/video/marta-sánchez/de-mujer-a-mujer
Our Lady Peace,The Birdman,1994,Desconhecido,https://www.youtube.com/watch?v=cgfgLo5qjDs,https://imvdb.com/video/our-lady-peace/the-birdman
Salt 'N' Pepa,Heaven 'n Hell,1994,Desconhecido,https://www.youtube.com/watch?v=gocu9N6k6as,https://imvdb.com/video/salt-n-pepa/heaven-n-hell
Violent Femmes,Breaking Up,1994,Desconhecido,https://www.youtube.com/watch?v=gEJU8f0VJcU,https://imvdb.com/video/violent-femmes/breaking-up
Taylor Dayne,I'll Wait,1994,Desconhecido,https://www.youtube.com/watch?v=uoqcJdKNBVs,https://imvdb.com/video/taylor-dayne/ill-wait
Brownstone,If You Love Me,1994,Desconhecido,https://www.youtube.com/watch?v=91NExZP5dZI,https://imvdb.com/video/brownstone/if-you-love-me
The Lightning Seeds,Lucky You,1994,Desconhecido,https://www.youtube.com/watch?v=MqlE1nE-0Tk,https://imvdb.com/video/the-lightning-seeds/lucky-you
Malcolm McLaren,La Main Parisienne,1994,Desconhecido,https://www.youtube.com/watch?v=MZ56lyaNf-g,https://imvdb.com/video/malcolm-mclaren/la-main-parisienne
Ligabue,Cerca nel cuore,1994,Desconhecido,https://www.youtube.com/watch?v=c9z7oH3ZVBU,https://imvdb.com/video/ligabue/cerca-nel-cuore
Megadeth,99 Ways To Die,1994,Desconhecido,,https://imvdb.com/video/megadeth/99-ways-to-die
Depeche Mode,In Your Room,1994,Desconhecido,https://www.youtube.com/watch?v=aa_n-cVSidI,https://imvdb.com/video/depeche-mode/in-your-room
House Of Pain,On Point,1994,Desconhecido,https://www.youtube.com/watch?v=RvfaJ7OnzNM,https://imvdb.com/video/house-of-pain/on-point
Dada (4),All I Am,1994,Desconhecido,,https://imvdb.com/video/dada-4/all-i-am
Mark Chesnutt,Gonna Get A Life,1994,Desconhecido,https://www.youtube.com/watch?v=8yH7DC8kjU0,https://imvdb.com/video/mark-chesnutt/gonna-get-a-life
Tevin Campbell,I'm Ready,1994,Desconhecido,https://www.youtube.com/watch?v=wrXYlObVQ6g,https://imvdb.com/video/tevin-campbell/im-ready
Sybil Vane,Pixy,1994,Desconhecido,https://www.youtube.com/watch?v=no_v30tfcOw,https://imvdb.com/video/sybil-vane/pixy
Basia,Third Time Lucky,1994,Desconhecido,https://www.youtube.com/watch?v=PZV5Nk5IVsU,https://imvdb.com/video/basia/third-time-lucky
Angela Winbush,Treat U Rite,1994,Desconhecido,https://www.youtube.com/watch?v=I16MfStcccM,https://imvdb.com/video/angela-winbush/treat-u-rite
Venison,Cooking Dirt,1994,Desconhecido,https://www.youtube.com/watch?v=ML08nsV96rE,https://imvdb.com/video/venison/cooking-dirt
Megadeth,Tout Le Monde,1994,Desconhecido,https://www.youtube.com/watch?v=aU-dKoFZT0A,https://imvdb.com/video/megadeth/tout-le-monde
Prince,The Morning Papers,1994,Desconhecido,https://www.youtube.com/watch?v=6Ub0cMp0uPc,https://imvdb.com/video/prince/the-morning-papers
Radiohead,My Iron Lung,1994,Desconhecido,https://www.youtube.com/watch?v=pRU-6vaKaf4,https://imvdb.com/video/radiohead/my-iron-lung
Jamiroquai,Half The Man,1994,Desconhecido,https://www.youtube.com/watch?v=GkL7cVqIZHU,https://imvdb.com/video/jamiroquai/half-the-man
The Roots,Proceed,1994,Desconhecido,https://www.youtube.com/watch?v=O5TUqdxqHS0,https://imvdb.com/video/the-roots/proceed
The Roots,Distortion To Static,1994,Desconhecido,https://www.youtube.com/watch?v=Vj8R69KOb8U,https://imvdb.com/video/the-roots/distortion-to-static
Mötley Crüe,Hooligan's Holiday,1994,Desconhecido,https://www.youtube.com/watch?v=P2zgjIGaIo4,https://imvdb.com/video/motley-crue/hooligans-holiday
Take That,Love Ain't Here Anymore,1994,Desconhecido,https://www.youtube.com/watch?v=J4P9no0AYBM,https://imvdb.com/video/take-that/love-aint-here-anymore
Des'ree,You Gotta Be,1994,Desconhecido,https://www.youtube.com/watch?v=pO40TcKa_5U,https://imvdb.com/video/desree/you-gotta-be
Angelfish,Suffocate Me,1994,Desconhecido,https://www.youtube.com/watch?v=cO-YCm4GXw8,https://imvdb.com/video/angelfish/suffocate-me
Rednex,Cotton Eye Joe,1994,Desconhecido,https://www.youtube.com/watch?v=VcDy8HEg1QY,https://imvdb.com/video/rednex/cotton-eye-joe
Chris Isaak,Dark Moon,1994,Desconhecido,https://www.youtube.com/watch?v=DPDxo4B6cC0,https://imvdb.com/video/chris-isaak/dark-moon
Centory,Point of No Return,1994,Desconhecido,https://www.youtube.com/watch?v=vcLPJ3AI-Rg,https://imvdb.com/video/centory/point-of-no-return
Steve Perry,You Better Wait,1994,Desconhecido,https://www.youtube.com/watch?v=XNLHxU5n4Sw,https://imvdb.com/video/steve-perry/you-better-wait
Salt 'N' Pepa,Shoop,1994,Desconhecido,https://www.youtube.com/watch?v=4vaN01VLYSQ,https://imvdb.com/video/salt-n-pepa/shoop
2 Unlimited,No One,1994,Desconhecido,https://www.youtube.com/watch?v=tmBnsjkoEFg,https://imvdb.com/video/2-unlimited/no-one
Brownstone,Pass The Lovin',1994,Desconhecido,https://www.youtube.com/watch?v=gtEZAPqH-Tc,https://imvdb.com/video/brownstone/pass-the-lovin
Superchunk,The First Part,1994,Desconhecido,https://www.youtube.com/watch?v=mvqbA263yZA,https://imvdb.com/video/superchunk/the-first-part
Laura Pausini,Gente,1994,Desconhecido,https://www.youtube.com/watch?v=ujdTByDUGTo,https://imvdb.com/video/laura-pausini/gente
Roachford,This Generation,1994,Desconhecido,,https://imvdb.com/video/roachford/this-generation
Kim Wilde,Kids in America,1994,Desconhecido,https://www.youtube.com/watch?v=CtoSdPHrC4I,https://imvdb.com/video/kim-wilde/kids-in-america/2
The Lemonheads,Big Gay Heart,1994,Desconhecido,,https://imvdb.com/video/the-lemonheads/big-gay-heart
Gillette,Short Short Man,1994,Desconhecido,https://www.youtube.com/watch?v=l5obLmJ4O9E,https://imvdb.com/video/gillette/short-short-man
Green Day,Basket Case,1994,Desconhecido,https://www.youtube.com/watch?v=NUTGr5t3MoY,https://imvdb.com/video/green-day/basket-case
Cyndi Lauper,I'm Gonna Be Strong,1994,Desconhecido,https://www.youtube.com/watch?v=rbx7ss4F7JE,https://imvdb.com/video/cyndi-lauper/im-gonna-be-strong
Tripmaster Monkey,Shutter's Closed,1994,Desconhecido,https://www.youtube.com/watch?v=ln0VwWvXB50,https://imvdb.com/video/tripmaster-monkey/shutters-closed
Céline Dion,Think Twice,1994,Desconhecido,https://www.youtube.com/watch?v=vGwIaL0jOUg,https://imvdb.com/video/celine-dion/think-twice
Collective Soul,Breathe,1994,Desconhecido,https://www.youtube.com/watch?v=qCavdw14vWo,https://imvdb.com/video/collective-soul/breathe
Candlebox,Cover Me,1994,Desconhecido,https://www.youtube.com/watch?v=4OHRg6FV1r0,https://imvdb.com/video/candlebox/cover-me
Infectious Grooves,Violent & Funky,1994,Desconhecido,https://www.youtube.com/watch?v=1f7XwCsx4fs,https://imvdb.com/video/infectious-grooves/violent-funky
Joe Diffie,So Help Me Girl,1994,Desconhecido,https://www.youtube.com/watch?v=Yr2YRMQDmzA,https://imvdb.com/video/joe-diffie/so-help-me-girl
Chainsaw Kittens,Pop Heiress Dies,1994,Desconhecido,https://www.youtube.com/watch?v=J8kwPdsZ1Cg,https://imvdb.com/video/chainsaw-kittens/pop-heiress-dies
Sparks,When Do I Get to Sing My Way?,1994,Desconhecido,https://www.youtube.com/watch?v=C8dqCQ2MHfQ,https://imvdb.com/video/sparks/when-do-i-get-to-sing-my-way
Heavy D. & The Boyz,Got Me Waiting,1994,Desconhecido,https://www.youtube.com/watch?v=cRKfrtyz3sg,https://imvdb.com/video/heavy-d.-and-the-boyz/got-me-waiting
Blackstreet,Before I Let You Go,1994,Desconhecido,https://www.youtube.com/watch?v=kC6TnBx0HIU,https://imvdb.com/video/blackstreet/before-i-let-you-go
The Mighty Mighty Bosstones,Detroit Rock City,1994,Desconhecido,https://www.youtube.com/watch?v=6-Kmlghawk4,https://imvdb.com/video/the-mighty-mighty-bosstones/detroit-rock-city
Tom Petty,You Don't Know How It Feels,1994,Desconhecido,https://www.youtube.com/watch?v=9TlBTPITo1I,https://imvdb.com/video/tom-petty/you-dont-know-how-it-feels
Jody Watley,When A Man Loves A Woman,1994,Desconhecido,https://www.youtube.com/watch?v=RpXtK8aTC3E,https://imvdb.com/video/jody-watley/when-a-man-loves-a-woman
Kym Mazelle,No More Tears (Enough is Enough),1994,Desconhecido,https://www.youtube.com/watch?v=W7_T0OlEb3I,https://imvdb.com/video/kym-mazelle/no-more-tears-enough-is-enough
Joe Diffie,Third Rock From The Sun,1994,Desconhecido,https://www.youtube.com/watch?v=vlAa0IGCXCw,https://imvdb.com/video/joe-diffie/third-rock-from-the-sun
The B-52's,(Meet) The Flintstones,1994,Desconhecido,https://www.youtube.com/watch?v=cBco_DApZVY,https://imvdb.com/video/the-b-52s-1/meet-the-flintstones
Johnny Hallyday,I Wanna Make Love To You,1994,Desconhecido,,https://imvdb.com/video/johnny-hallyday/i-wanna-make-love-to-you
Ice Cube,You Know How We Do It,1994,Desconhecido,https://www.youtube.com/watch?v=rzRqEWJYwX4,https://imvdb.com/video/ice-cube/you-know-how-we-do-it
Faith Hill,Take Me As I Am,1994,Desconhecido,https://www.youtube.com/watch?v=WvkMm_nXZdY,https://imvdb.com/video/faith-hill/take-me-as-i-am
Magic Affair,In the Middle of the Night,1994,Desconhecido,https://www.youtube.com/watch?v=JB6H9xgeRws,https://imvdb.com/video/magic-affair/in-the-middle-of-the-night
Sparks,Now That I Own the BBC,1994,Desconhecido,https://www.youtube.com/watch?v=xaXYwdS_V2Q,https://imvdb.com/video/sparks/now-that-i-own-the-bbc
Prince,The Most Beautiful Girl in the World,1994,Desconhecido,https://www.youtube.com/watch?v=uFtfrd8_K9k,https://imvdb.com/video/prince/the-most-beautiful-girl-in-the-world
Pet Shop Boys,"Yesterday, When I Was Mad",1994,Desconhecido,https://www.youtube.com/watch?v=gZu3G_KPdZ0,https://imvdb.com/video/pet-shop-boys/yesterday-when-i-was-mad
Gloria Estefan,"Hold Me, Thrill Me, Kiss Me",1994,Desconhecido,https://www.youtube.com/watch?v=zCpdHvZnxYk,https://imvdb.com/video/gloria-estefan/hold-me-thrill-me-kiss-me
Gloria Estefan,Turn The Beat Around (Remix),1994,Desconhecido,https://www.youtube.com/watch?v=inHwBUo9Pzk,https://imvdb.com/video/gloria-estefan/turn-the-beat-around-remix
Gun (2),Seems Like I'm Losing You,1994,Desconhecido,https://www.youtube.com/watch?v=JP51_06e1Js,https://imvdb.com/video/gun-2/seems-like-im-losing-you
2 Brothers On The 4th Floor,Never Alone,1994,Desconhecido,https://www.youtube.com/watch?v=dYg_lbXYiwU,https://imvdb.com/video/2-brothers-on-the-4th-floor/never-alone
Girls Against Boys,(I) Don't Got a Place,1994,Desconhecido,https://www.youtube.com/watch?v=cegExTD2hrs,https://imvdb.com/video/girls-against-boys/i-dont-got-a-place
Kenny Chesney,All I Need To Know,1994,Desconhecido,,https://imvdb.com/video/kenny-chesney/all-i-need-to-know
Ice Cube,Natural Born Killaz,1994,Desconhecido,https://www.youtube.com/watch?v=c9-M2tqIX38,https://imvdb.com/video/ice-cube/natural-born-killaz
Babyface,When Can I See You,1994,Desconhecido,https://www.youtube.com/watch?v=Ee9SCW91urE,https://imvdb.com/video/babyface/when-can-i-see-you
Boyz II Men,On Bended Knee,1994,Desconhecido,https://www.youtube.com/watch?v=jSUSFow70no,https://imvdb.com/video/boyz-ii-men/on-bended-knee
EAV (Erste Allgemeine Verunsicherung),300 PS,1994,Desconhecido,https://www.youtube.com/watch?v=xrmgVd-jUUM,https://imvdb.com/video/eav-erste-allgemeine-verunsicherung/300-ps
Ride,I Don't Know Where It Comes From (single version),1994,Desconhecido,https://www.youtube.com/watch?v=eBEN9Xq1Pno,https://imvdb.com/video/ride/i-dont-know-where-it-comes-from-single-version
Kathy Mattea,Nobody's Gonna Rain On Our Parade,1994,Desconhecido,https://www.youtube.com/watch?v=XxZoX8wo2Pg,https://imvdb.com/video/kathy-mattea/nobodys-gonna-rain-on-our-parade
Milla Jovovich,Gentleman Who Fell,1994,Desconhecido,https://www.youtube.com/watch?v=fQ_I_aWsaRM,https://imvdb.com/video/milla-jovovich/gentleman-who-fell
Brooks & Dunn,Rock My World (Little Country Girl),1994,Desconhecido,https://www.youtube.com/watch?v=SHi8osKQzYA,https://imvdb.com/video/brooks-and-dunn/rock-my-world-little-country-girl
The Devlins,Someone To Talk To,1994,Desconhecido,https://www.youtube.com/watch?v=8er4wKBV9-g,https://imvdb.com/video/the-devlins/someone-to-talk-to
Stuttering John,I'll Talk My Way Out Of It,1994,Desconhecido,https://www.youtube.com/watch?v=KbaC6yBpRXI,https://imvdb.com/video/stuttering-john/ill-talk-my-way-out-of-it
CeCe Peniston,Hit By Love,1994,Desconhecido,https://www.youtube.com/watch?v=JSoOAtIpZIc,https://imvdb.com/video/ce-ce-peniston/hit-by-love
Nick Cave & The Bad Seeds,Red Right Hand,1994,Desconhecido,https://www.youtube.com/watch?v=RrxePKps87k,https://imvdb.com/video/nick-cave-and-the-bad-seeds/red-right-hand
Nas,The World Is Yours (Remix),1994,Desconhecido,https://www.youtube.com/watch?v=CMJH2XWBQGU,https://imvdb.com/video/nas/the-world-is-yours-remix
The Jesus And Mary Chain,Sometimes Always,1994,Desconhecido,https://www.youtube.com/watch?v=WdAcS4c0-Qk,https://imvdb.com/video/the-jesus-and-mary-chain/sometimes-always
Heavy D. & The Boyz,Blue Funk,1994,Desconhecido,https://www.youtube.com/watch?v=5vw9TUnECHE,https://imvdb.com/video/heavy-d.-and-the-boyz/blue-funk
Nine Inch Nails,March of the Pigs,1994,Desconhecido,https://www.youtube.com/watch?v=PL72Tyxe1rc,https://imvdb.com/video/nine-inch-nails/march-of-the-pigs
Diamanda Galás,Do You Take This Man,1994,Desconhecido,https://www.youtube.com/watch?v=1KwBEcWRBHY,https://imvdb.com/video/diamanda-galás/do-you-take-this-man
Lucas,Lucas With The Lid Off,1994,Desconhecido,https://www.youtube.com/watch?v=sY5zaDZq0sc,https://imvdb.com/video/lucas/lucas-with-the-lid-off
The Mighty Mighty Bosstones,Kinder Words,1994,Desconhecido,https://www.youtube.com/watch?v=Hawvh4Bo8fk,https://imvdb.com/video/the-mighty-mighty-bosstones/kinder-words
2 Unlimited,Let The Beat Control Your Body,1994,Desconhecido,https://www.youtube.com/watch?v=iMBq7f4UjLg,https://imvdb.com/video/2-unlimited/let-the-beat-control-your-body
Seal,A Prayer For The Dying,1994,Desconhecido,https://www.youtube.com/watch?v=Btl5PYdpcNs,https://imvdb.com/video/seal/a-prayer-for-the-dying
Roachford,Lay Your Love On Me,1994,Desconhecido,https://www.youtube.com/watch?v=hPcq7C1-l5Q,https://imvdb.com/video/roachford/lay-your-love-on-me
Soul For Real,If You Want It,1994,Desconhecido,https://www.youtube.com/watch?v=m97Khmdoo0M,https://imvdb.com/video/soul-for-real/if-you-want-it
Big Audio Dynamite,Looking For A Song,1994,Desconhecido,https://www.youtube.com/watch?v=6nRNNrPBwCw,https://imvdb.com/video/big-audio-dynamite/looking-for-a-song
Cause & Effect (6),It's Over Now,1994,Desconhecido,https://www.youtube.com/watch?v=2sIWl8XOThs,https://imvdb.com/video/cause-and-effect-6/its-over-now
The Pharcyde,4 Better of 4 Worse,1994,Desconhecido,https://www.youtube.com/watch?v=J3RS_agsrPc,https://imvdb.com/video/the-pharcyd/4-better-of-4-worse
Love Spit Love,Am I Wrong,1994,Desconhecido,https://www.youtube.com/watch?v=y2TTPQSQIVk,https://imvdb.com/video/love-spit-love/am-i-wrong
G. Love & Special Sauce,Cold Beverage,1994,Desconhecido,https://www.youtube.com/watch?v=pk9-28HgxfE,https://imvdb.com/video/g.-love-and-special-sauce/cold-beverage
The Charlatans,Can't Get Out Of Bed,1994,Desconhecido,https://www.youtube.com/watch?v=YvITRVrUYhY,https://imvdb.com/video/the-charlatans/cant-get-out-of-bed
The Stone Roses,Ten Storey Love Song,1994,Desconhecido,https://www.youtube.com/watch?v=0uNLw3pXlVM,https://imvdb.com/video/the-stone-roses/ten-storey-love-song
Faith Hill,Piece Of My Heart,1994,Desconhecido,https://www.youtube.com/watch?v=qPseJvXVVfo,https://imvdb.com/video/faith-hill/piece-of-my-heart
The Prodigy,No Good (Start the Dance),1994,Desconhecido,https://www.youtube.com/watch?v=svJvT6ruolA,https://imvdb.com/video/the-prodigy/no-good-start-the-dance
Sheryl Crow,All I Wanna Do,1994,Desconhecido,https://www.youtube.com/watch?v=yAEpLMTjCC8,https://imvdb.com/video/sheryl-crow/all-i-wanna-do
Go-Go's,The Whole World Lost Its Head,1994,Desconhecido,https://www.youtube.com/watch?v=3X3ox2N_jo4,https://imvdb.com/video/go-gos/the-whole-world-lost-its-head
Crash Test Dummies,Mmm Mmm Mmm Mmm,1994,Desconhecido,https://www.youtube.com/watch?v=eTeg1txDv8w,https://imvdb.com/video/crash-test-dummies/mmm-mmm-mmm-mmm
Ill Al Skratch,I'll Take Her,1994,Desconhecido,https://www.youtube.com/watch?v=e_GM6w4MZww,https://imvdb.com/video/ill-al-skratch/ill-take-her
They Might Be Giants,Snail Shell,1994,Desconhecido,https://www.youtube.com/watch?v=pJkQ7J0YRZM,https://imvdb.com/video/they-might-be-giants/snail-shell
The Mighty Mighty Bosstones,Hell Of A Hat,1994,Desconhecido,https://www.youtube.com/watch?v=KzYbgUB8S9A,https://imvdb.com/video/the-mighty-mighty-bosstones/hell-of-a-hat
Dead Can Dance,The Carnival Is Over,1994,Desconhecido,https://www.youtube.com/watch?v=mPDLJ1UU2Uk,https://imvdb.com/video/dead-can-dance/the-carnival-is-over
All-4-One,I Swear,1994,Desconhecido,https://www.youtube.com/watch?v=pFD9lW9PGM4,https://imvdb.com/video/all-4-one-1/i-swear
Hootie & The Blowfish,Hold My Hand,1994,Desconhecido,https://www.youtube.com/watch?v=xoW3bqnr7tw,https://imvdb.com/video/hootie-and-the-blowfish/hold-my-hand
Wade Hayes,Old Enough To Know Better,1994,Desconhecido,https://www.youtube.com/watch?v=kvECozWfZR4,https://imvdb.com/video/wade-hayes-1/old-enough-to-know-better
Suede,We Are The Pigs,1994,Desconhecido,https://www.youtube.com/watch?v=fxtIwh1Nz0k,https://imvdb.com/video/suede/we-are-the-pigs
INXS,The Strangest Party (These Are The Times),1994,Desconhecido,https://www.youtube.com/watch?v=9WfV0FBsqNE,https://imvdb.com/video/inxs/the-strangest-party-these-are-the-times
Majbritte Ulrikkeholm,If I Could Only Make You Dance,1994,Desconhecido,https://www.youtube.com/watch?v=bHuKBeZCwyE,https://imvdb.com/video/majbritte-ulrikkeholm/if-i-could-only-make-you-dance
Primal Scream,(I'm Gonna) Cry Myself Blind,1994,Desconhecido,https://www.youtube.com/watch?v=G3oAHER-fbw,https://imvdb.com/video/primal-scream/im-gonna-cry-myself-blind
Cyndi Lauper,Hey Now (Girls Just Want To Have Fun),1994,Desconhecido,https://www.youtube.com/watch?v=CaqeAABlH3Q,https://imvdb.com/video/cyndi-lauper/hey-now-girls-just-want-to-have-fun
Le Click,Tonight Is The Night,1994,Desconhecido,,https://imvdb.com/video/le-click/tonight-is-the-night
Morrissey,Hold On To Your Friends,1994,Desconhecido,https://www.youtube.com/watch?v=WHtJ-ELHl9A,https://imvdb.com/video/morrissey/hold-on-to-your-friends
Aaliyah,At Your Best (You Are Love),1994,Desconhecido,https://www.youtube.com/watch?v=8D1Zn-Ij6Mw,https://imvdb.com/video/aaliyah/at-your-best-you-are-love
Heavy D. & The Boyz,Nuttin' But Love,1994,Desconhecido,https://www.youtube.com/watch?v=VJEbfeG2oAE,https://imvdb.com/video/heavy-d.-and-the-boyz/nuttin-but-love
Donna Summer,Melody of Love (Wanna Be Loved),1994,Desconhecido,https://www.youtube.com/watch?v=CaErMN9dwXk,https://imvdb.com/video/donna-summer/melody-of-love-wanna-be-loved
"Harry Connick, Jr.",(I Could Only) Whisper Your Name,1994,Desconhecido,https://www.youtube.com/watch?v=qYj6PCTTdic,https://imvdb.com/video/harry-connick-jr./i-could-only-whisper-your-name
Ace of Base,Don't Turn Around,1994,Desconhecido,https://www.youtube.com/watch?v=INi7srItF6g,https://imvdb.com/video/ace-of-base/dont-turn-around
Toad The Wet Sprocket,Something's Always Wrong,1994,Desconhecido,https://www.youtube.com/watch?v=fK7bwIVrQFs,https://imvdb.com/video/toad-the-wet-sprocket/somethings-always-wrong
Toad The Wet Sprocket,Fall Down,1994,Desconhecido,https://www.youtube.com/watch?v=_c5ln9wP0TA,https://imvdb.com/video/toad-the-wet-sprocket/fall-down
2 Brothers On The 4th Floor,Let Me Be Free,1994,Desconhecido,https://www.youtube.com/watch?v=nMCWdH5MFyM,https://imvdb.com/video/2-brothers-on-the-4th-floor/let-me-be-free
Tom Jones,If I Only Knew,1994,Desconhecido,https://www.youtube.com/watch?v=hqDEn7uUhFc,https://imvdb.com/video/tom-jones/if-i-only-knew
The Brand New Heavies,Back To Love,1994,Desconhecido,https://www.youtube.com/watch?v=eemhWAZMAcU,https://imvdb.com/video/brand-new-heavies/back-to-love
Clint Black,Untanglin' My Mind,1994,Desconhecido,https://www.youtube.com/watch?v=tpeCRItodf8,https://imvdb.com/video/clint-black-1/untanglin-my-mind
Masta Ace Incorporated,Saturday Night Live,1994,Desconhecido,https://www.youtube.com/watch?v=ucER73ab5XE,https://imvdb.com/video/masta-ace-incorporated/saturday-night-live
Bone Thugs-N-Harmony,Thuggish Ruggish Bone,1994,Desconhecido,https://www.youtube.com/watch?v=C0PB4o9GH2A,https://imvdb.com/video/bone-thugs-n-harmony/thuggish-ruggish-bone
The Jesus And Mary Chain,Come On,1994,Desconhecido,https://www.youtube.com/watch?v=N3G_PsGmXys,https://imvdb.com/video/the-jesus-and-mary-chain/come-on
Bon Jovi,Someday I'll Be Saturday Night,1994,Desconhecido,https://www.youtube.com/watch?v=pJhKztUXNfc,https://imvdb.com/video/bon-jovi/someday-ill-be-saturday-night
Janet Jackson,Because Of Love,1994,Desconhecido,https://www.youtube.com/watch?v=WbRiQxWlYgs,https://imvdb.com/video/janet-jackson/because-of-love
The Offspring,Come Out And Play,1994,Desconhecido,https://www.youtube.com/watch?v=1jOk8dk-qaU,https://imvdb.com/video/the-offspring/come-out-and-play
Blackstreet,I Like The Way You Work,1994,Desconhecido,https://www.youtube.com/watch?v=Jq1ZdKO1fu4,https://imvdb.com/video/blackstreet/i-like-the-way-you-work
Danzig,I Don't Mind The Pain,1994,Desconhecido,https://www.youtube.com/watch?v=5AuTsaWmGSk,https://imvdb.com/video/danzig/i-dont-mind-the-pain
M People,Sight for Sore Eyes,1994,Desconhecido,https://www.youtube.com/watch?v=mZemLHAdM3Y,https://imvdb.com/video/m-people/sight-for-sore-eyes
a-ha,Shapes That Go Together,1994,Desconhecido,https://www.youtube.com/watch?v=qV8soEbJE0g,https://imvdb.com/video/a-ha/shapes-that-go-together
C+C Music Factory,Take A Toke,1994,Desconhecido,https://www.youtube.com/watch?v=eSs9vhTP7wU,https://imvdb.com/video/c-and-c-music-factory/take-a-toke
Urge Overkill,"Girl, You'll Be A Woman Soon",1994,Desconhecido,,https://imvdb.com/video/urge-overkill/girl-youll-be-a-woman-soon
Gin Blossoms,Until I Fall Away,1994,Desconhecido,https://www.youtube.com/watch?v=39mUEE3_xS8,https://imvdb.com/video/gin-blossoms/until-i-fall-away
Pet Shop Boys,Absolutely Fabulous,1994,Desconhecido,https://www.youtube.com/watch?v=3YjDMmjgKec,https://imvdb.com/video/pet-shop-boys/absolutely-fabulous
The Rolling Stones,You Got Me Rocking,1994,Desconhecido,https://www.youtube.com/watch?v=84PETdu743A,https://imvdb.com/video/the-rolling-stones/you-got-me-rocking
The Rolling Stones,Out Of Tears,1994,Desconhecido,https://www.youtube.com/watch?v=hH_j_GjNKaY,https://imvdb.com/video/the-rolling-stones/out-of-tears
Bundock Lanoie,Ne Me Dis Pas,1994,Desconhecido,https://www.youtube.com/watch?v=fdy3NEzaVCE,https://imvdb.com/video/bundock-lanoie/ne-me-dis-pas
Ligabue,A che ora è la fine del mondo?,1994,Desconhecido,https://www.youtube.com/watch?v=xEndqTWoTsk,https://imvdb.com/video/ligabue/a-che-ora-e-la-fine-del-mondo
Brooks & Dunn,She's Not The Cheatin' Kind,1994,Desconhecido,https://www.youtube.com/watch?v=if-biYJUy5k,https://imvdb.com/video/brooks-and-dunn/shes-not-the-cheatin-kind
Mary J. Blige,I'm Goin' Down,1994,Desconhecido,https://www.youtube.com/watch?v=1XmwiwQjU8E,https://imvdb.com/video/mary-j.-blige/im-goin-down
Michael Franti,People In Tha Middle,1994,Desconhecido,https://www.youtube.com/watch?v=l-AmMr_Y4Es,https://imvdb.com/video/michael-franti/people-in-tha-middle
Janet Jackson,"Any Time, Any Place",1994,Desconhecido,https://www.youtube.com/watch?v=3HO9H1VMMOk,https://imvdb.com/video/janet-jackson/any-time-any-place
Aaliyah,Age Ain't Nothing But A Number,1994,Desconhecido,https://www.youtube.com/watch?v=rRwhm-B6yNI,https://imvdb.com/video/aaliyah/age-aint-nothing-but-a-number
Soundgarden,The Day I Tried To Live,1994,Desconhecido,https://www.youtube.com/watch?v=dbckIuT_YDc,https://imvdb.com/video/soundgarden/the-day-i-tried-to-live
Danzig,Until You Call On The Dark,1994,Desconhecido,https://www.youtube.com/watch?v=l2J6UCGjqPI,https://imvdb.com/video/danzig/until-you-call-on-the-dark
Toni Braxton,You Mean The World To Me,1994,Desconhecido,https://www.youtube.com/watch?v=JB5FxcI7Pyw,https://imvdb.com/video/toni-braxton/you-mean-the-world-to-me
Velocity Girl,I Can't Stop Smiling,1994,Desconhecido,https://www.youtube.com/watch?v=RumflDMoCxw,https://imvdb.com/video/velocity-girl/i-cant-stop-smiling
Wade Hayes,I'm Still Dancin' With You,1994,Desconhecido,https://www.youtube.com/watch?v=iM-VUGqD27s,https://imvdb.com/video/wade-hayes-1/im-still-dancin-with-you
Elton John,Can You Feel The Love Tonight,1994,Desconhecido,https://www.youtube.com/watch?v=Y1hcc1QvM2Q,https://imvdb.com/video/elton-john/can-you-feel-the-love-tonight
Edyta Górniak,Once in a Lifetime,1994,Desconhecido,https://www.youtube.com/watch?v=n6MhaTmb9I4,https://imvdb.com/video/edyta-górniak/once-in-a-lifetime
2 Brothers On The 4th Floor,Dreams (Will Come Alive),1994,Desconhecido,https://www.youtube.com/watch?v=Lk3lQRmIkoM,https://imvdb.com/video/2-brothers-on-the-4th-floor/dreams-will-come-alive
Dwight Yoakam,Pocket Of A Clown,1994,Desconhecido,https://www.youtube.com/watch?v=eQcGkzXmPjY,https://imvdb.com/video/dwight-yoakam/pocket-of-a-clown
Sinéad O'Connor,Thank You for Hearing Me,1994,Desconhecido,https://www.youtube.com/watch?v=b_CaHRA7CYs,https://imvdb.com/video/sinead-oconnor/thank-you-for-hearing-me
CeCe Peniston,Keep Giving Me Your Love,1994,Desconhecido,https://www.youtube.com/watch?v=Gz0lts5AcEM,https://imvdb.com/video/ce-ce-peniston/keep-giving-me-your-love
Billy Joel,"Lullabye (Goodnight, My Angel)",1994,Desconhecido,https://www.youtube.com/watch?v=dcnd55tLCv8,https://imvdb.com/video/billy-joel/lullabye-goodnight-my-angel
7 Year Bitch,Hip Like Junk,1994,Desconhecido,https://www.youtube.com/watch?v=tlNIshpjkVI,https://imvdb.com/video/7-year-bitch/hip-like-junk
Tori Amos,Cornflake Girl,1994,Desconhecido,https://www.youtube.com/watch?v=8Eiv7H9XQRY,https://imvdb.com/video/tori-amos/cornflake-girl/2
Public Enemy,What Kind Of Power We Got?,1994,Desconhecido,https://www.youtube.com/watch?v=ufPfXsw2K1I,https://imvdb.com/video/public-enemy/what-kind-of-power-we-got
Gun (2),Don't Say It's Over,1994,Desconhecido,https://www.youtube.com/watch?v=Ij4Ku2loSJ0,https://imvdb.com/video/gun-2/dont-say-its-over
Sammy Kershaw,National Working Woman's Holiday,1994,Desconhecido,https://www.youtube.com/watch?v=6hDvXk2X-1M,https://imvdb.com/video/sammy-kershaw/national-working-womans-holiday
Cyndi Lauper,Who Let In The Rain,1994,Desconhecido,https://www.youtube.com/watch?v=8uCkK0Eoudw,https://imvdb.com/video/cyndi-lauper/who-let-in-the-rain
A Tribe Called Quest,Oh My God,1994,Desconhecido,https://www.youtube.com/watch?v=OIah18jcJko,https://imvdb.com/video/a-tribe-called-quest/oh-my-god
A Tribe Called Quest,Electric Relaxation,1994,Desconhecido,https://www.youtube.com/watch?v=WHRnvjCkTsw,https://imvdb.com/video/a-tribe-called-quest/electric-relaxation
Axel Rudi Pell,Cry of the Gypsy,1994,Desconhecido,https://www.youtube.com/watch?v=ilrXCWdV7_E,https://imvdb.com/video/axel-rudi-pell/cry-of-the-gypsy
Melissa Etheridge,Happy Xmas (War Is Over),1994,Desconhecido,https://www.youtube.com/watch?v=Lb22-FKq-F0,https://imvdb.com/video/melissa-etheridge/happy-xmas-war-is-over
Francis Dunnery,American Life in the Summertime,1994,Desconhecido,https://www.youtube.com/watch?v=xAutDzjomgE,https://imvdb.com/video/francis-dunnery/american-life-in-the-summertime
Tony Terry,When A Man Cries,1994,Desconhecido,,https://imvdb.com/video/tony-terry/when-a-man-cries
CeCe Peniston,I'm in the Mood,1994,Desconhecido,https://www.youtube.com/watch?v=ImkLeWuigKk,https://imvdb.com/video/ce-ce-peniston/im-in-the-mood
Beck,Fuckin With My Head (Mountain Dew Rock),1994,Desconhecido,https://www.youtube.com/watch?v=XbJ6b8io9dY,https://imvdb.com/video/beck/fuckin-with-my-head-mountain-dew-rock
Manic Street Preachers,She Is Suffering,1994,Desconhecido,https://www.youtube.com/watch?v=OYNwr58V1Pg,https://imvdb.com/video/manic-street-preachers/she-is-suffering
Tori Amos,Pretty Good Year,1994,Desconhecido,https://www.youtube.com/watch?v=cv8hXS_GDhE,https://imvdb.com/video/tori-amos/pretty-good-year
Ace of Base,Living in Danger,1994,Desconhecido,https://www.youtube.com/watch?v=FkKwzK-ZdP0,https://imvdb.com/video/ace-of-base/living-in-danger
Pulp,Do You Remember The First Time,1994,Desconhecido,https://www.youtube.com/watch?v=sPGepgWupTw,https://imvdb.com/video/pulp/do-you-remember-the-first-time
Shane MacGowan And The Popes,That Woman's Got Me Drinking,1994,Desconhecido,https://www.youtube.com/watch?v=Y7loBPuRjVo,https://imvdb.com/video/shane-macgowan-and-the-popes/that-womans-got-me-drinking
Barry White,Practice What You Preach,1994,Desconhecido,https://www.youtube.com/watch?v=br-Dy3puDoc,https://imvdb.com/video/barry-white/practice-what-you-preach
Brooks & Dunn,That Ain't No Way To Go,1994,Desconhecido,https://www.youtube.com/watch?v=BjbhpRPSGQo,https://imvdb.com/video/brooks-and-dunn/that-aint-no-way-to-go
Lords Of The Underground,Chief Rocka,1994,Desconhecido,https://www.youtube.com/watch?v=JFQXtAE7SiU,https://imvdb.com/video/lords-of-the-underground/chief-rocka
The Jon Spencer Blues Explosion,Dang,1994,Desconhecido,https://www.youtube.com/watch?v=KgkEw4GjtdU,https://imvdb.com/video/the-jon-spencer-blues-explosion/dang
Porno For Pyros,A Little Sadness,1994,Desconhecido,https://www.youtube.com/watch?v=tr6U5aLSqdc,https://imvdb.com/video/porno-for-pyros/a-little-sadness
Big Trouble House,Bullet for a Badman,1994,Desconhecido,https://www.youtube.com/watch?v=OeF-Lr-wSX4,https://imvdb.com/video/big-trouble-house/bullet-for-a-badman
Manic Street Preachers,Life Becoming A Landslide,1994,Desconhecido,https://www.youtube.com/watch?v=oWeL1bXPjdc,https://imvdb.com/video/manic-street-preachers/life-becoming-a-landslide
Mariah Carey,Anytime You Need a Friend,1994,Desconhecido,https://www.youtube.com/watch?v=Li6vpAMmfw0,https://imvdb.com/video/mariah-carey/anytime-you-need-a-friend
Enigma,The Eyes of Truth,1994,Desconhecido,https://www.youtube.com/watch?v=b8ri14rw32c,https://imvdb.com/video/enigma-9/the-eyes-of-truth
Crash Test Dummies,God Shuffled His Feet,1994,Desconhecido,https://www.youtube.com/watch?v=0aqlS9SOkjs,https://imvdb.com/video/crash-test-dummies/god-shuffled-his-feet
Big Mountain,"Baby, I Love Your Way",1994,Desconhecido,https://www.youtube.com/watch?v=IWIxA7M_-ZA,https://imvdb.com/video/big-mountain/baby-i-love-your-way
Vanessa Williams,The Sweetest Days,1994,Desconhecido,https://www.youtube.com/watch?v=Yu38a7w9Ss4,https://imvdb.com/video/vanessa-williams-1/the-sweetest-days
Reba McEntire,Does He Love You,1994,Desconhecido,https://www.youtube.com/watch?v=FUP9DnurODw,https://imvdb.com/video/reba-mcentire/does-he-love-you
Melissa Etheridge,If I Only Wanted To,1994,Desconhecido,https://www.youtube.com/watch?v=h8bNx3FIaYI,https://imvdb.com/video/melissa-etheridge/if-i-only-wanted-to
The Outhere Brothers,La La La Hey Hey,1994,Desconhecido,https://www.youtube.com/watch?v=9Vf7ukS31x4,https://imvdb.com/video/the-outhere-brothers/la-la-la-hey-hey
Phil Collins,We Wait And We Wonder,1994,Desconhecido,https://www.youtube.com/watch?v=52NbxxVUGzk,https://imvdb.com/video/phil-collins/we-wait-and-we-wonder
Letters To Cleo,Here and Now,1994,Desconhecido,https://www.youtube.com/watch?v=ALHe12x_I0U,https://imvdb.com/video/letters-to-cleo/here-and-now
Grant Lee Buffalo,El Dorado Motorhome,1994,Desconhecido,https://www.youtube.com/watch?v=xC4NIkf3OsA,https://imvdb.com/video/grant-lee-buffalo/el-dorado-motorhome
Living Colour,Sunshine of Your Love,1994,Desconhecido,https://www.youtube.com/watch?v=RKUy4_l1CB4,https://imvdb.com/video/living-colour/sunshine-of-your-love
Mercy Rule (2),Tell Tomorrow,1994,Desconhecido,https://www.youtube.com/watch?v=fsIx4W-a-dw,https://imvdb.com/video/mercy-rule-2/tell-tomorrow
CeCe Peniston,I'm Not Over You,1994,Desconhecido,https://www.youtube.com/watch?v=QPcMFHpDhg0,https://imvdb.com/video/ce-ce-peniston/im-not-over-you
Big Mike (3),Playa Playa,1994,Desconhecido,https://www.youtube.com/watch?v=SYbs-wNXL4M,https://imvdb.com/video/big-mike-3/playa-playa
Gank Move,Real Playas & O.G.'s,1994,Desconhecido,https://www.youtube.com/watch?v=6wbvfgdAAJ4,https://imvdb.com/video/gank-move/real-playas-o.g.s
Scatman John,Scatman (Ski Ba Bop Ba Dop Bop),1994,Desconhecido,https://www.youtube.com/watch?v=3cnQCk0u49w,https://imvdb.com/video/scatman-john/scatman-ski-ba-bop-ba-dop-bop
Randy Travis,Before You Kill Us All,1994,Desconhecido,https://www.youtube.com/watch?v=Wx9qA7gfVUA,https://imvdb.com/video/randy-travis/before-you-kill-us-all
Wade Hayes,What I Meant To Say,1994,Desconhecido,https://www.youtube.com/watch?v=s7_UtWJfFBY,https://imvdb.com/video/wade-hayes-1/what-i-meant-to-say
The Human League,Tell Me When,1994,Desconhecido,https://www.youtube.com/watch?v=TOUvlR9SHQg,https://imvdb.com/video/the-human-league/tell-me-when
Dwight Yoakam,Try Not To Look So Pretty,1994,Desconhecido,https://www.youtube.com/watch?v=M260rX6Ubkk,https://imvdb.com/video/dwight-yoakam/try-not-to-look-so-pretty
Sugar (5),Believe What You're Saying,1994,Desconhecido,https://www.youtube.com/watch?v=0h4-7VD2c24,https://imvdb.com/video/sugar-5/believe-what-youre-saying
Sam Phillips (5),I Need Love,1994,Desconhecido,https://www.youtube.com/watch?v=tYU6m3-4zIo,https://imvdb.com/video/sam-phillips-5/i-need-love
Utah Saints,I Still Think Of You,1994,Desconhecido,https://www.youtube.com/watch?v=tIcewyGCIDo,https://imvdb.com/video/utah-saints/i-still-think-of-you
Dave Koz,Faces Of The Heart,1994,Desconhecido,https://www.youtube.com/watch?v=Tf6bflrfcP4,https://imvdb.com/video/dave-koz/faces-of-the-heart
Kylie Minogue,Put Yourself In My Place,1994,Desconhecido,https://www.youtube.com/watch?v=q9t6wef5xlE,https://imvdb.com/video/kylie-minogue/put-yourself-in-my-place
Mo-Do,"Eins, Zwei, Polizei",1994,Desconhecido,https://www.youtube.com/watch?v=E-DZ0KtR3RY,https://imvdb.com/video/mo-do-1/eins-zwei-polizei
"Harry Connick, Jr.",You Didn't Know Me When,1994,Desconhecido,https://www.youtube.com/watch?v=sGkz2qCkMZ4,https://imvdb.com/video/harry-connick-jr./you-didnt-know-me-when
Crash Test Dummies,Swimming in Your Ocean,1994,Desconhecido,https://www.youtube.com/watch?v=OVYDTyGAj8s,https://imvdb.com/video/crash-test-dummies/swimming-in-your-ocean
Peter Schilling,"Sonne, Mond und Sterne",1994,Desconhecido,https://www.youtube.com/watch?v=YSRygVV-lHU,https://imvdb.com/video/peter-schilling/sonne-mond-und-sterne
Alan Jackson,Who Says You Can't Have It All,1994,Desconhecido,https://www.youtube.com/watch?v=aFEnHoex6oo,https://imvdb.com/video/alan-jackson/who-says-you-cant-have-it-all
Prince,When 2 R in Love,1994,Desconhecido,,https://imvdb.com/video/prince/when-2-r-in-love
Lyle Lovett,Funny How Time Slips Away,1994,Desconhecido,https://www.youtube.com/watch?v=FhZAoKHWkTI,https://imvdb.com/video/lyle-lovett/funny-how-time-slips-away
Everything But The Girl,Missing (Todd Terry Remix),1994,Desconhecido,https://www.youtube.com/watch?v=Q4sPkS8b62Q,https://imvdb.com/video/everything-but-the-girl/missing-todd-terry-remix
Ride,How Does It Feel to Feel?,1994,Desconhecido,https://www.youtube.com/watch?v=Y8q08ydmqCs,https://imvdb.com/video/ride/how-does-it-feel-to-feel
Phil Collins,Can't Turn Back The Years,1994,Desconhecido,https://www.youtube.com/watch?v=AI8wo0WOm4k,https://imvdb.com/video/phil-collins/cant-turn-back-the-years
Green Day,When I Come Around,1994,Desconhecido,https://www.youtube.com/watch?v=i8dh9gDzmz8,https://imvdb.com/video/green-day/when-i-come-around
West Coast All Stars,All In The Same Gang,1994,Desconhecido,https://www.youtube.com/watch?v=UJD1oDKKMdM,https://imvdb.com/video/west-coast-all-stars/all-in-the-same-gang
Bee Gees,How To Fall In Love (Part 1),1994,Desconhecido,https://www.youtube.com/watch?v=0AyNQkphfHk,https://imvdb.com/video/bee-gees/how-to-fall-in-love-part-1
Guns N' Roses,Since I Don't Have You,1994,Desconhecido,https://www.youtube.com/watch?v=IYOYlqOitDA,https://imvdb.com/video/guns-n-roses/since-i-dont-have-you
Sophie B. Hawkins,As I Lay Me Down,1994,Desconhecido,https://www.youtube.com/watch?v=gq-4vIIJO30,https://imvdb.com/video/sophie-b.-hawkins/as-i-lay-me-down
Boyz II Men,Water Runs Dry,1994,Desconhecido,https://www.youtube.com/watch?v=9N9opF-PK5k,https://imvdb.com/video/boyz-ii-men/water-runs-dry
The Cranberries,Ode To My Family,1994,Desconhecido,https://www.youtube.com/watch?v=Zz-DJr1Qs54,https://imvdb.com/video/the-cranberries/ode-to-my-family
Rocket From The Crypt,Ditch Digger,1994,Desconhecido,,https://imvdb.com/video/rocket-from-the-crypt/ditch-digger
Burning Spear,Subject In School,1994,Desconhecido,https://www.youtube.com/watch?v=Bj8gjEhxekk,https://imvdb.com/video/burning-spear/subject-in-school
Reba McEntire,Why Haven't I Heard From You,1994,Desconhecido,https://www.youtube.com/watch?v=-d7vAbKTmus,https://imvdb.com/video/reba-mcentire/why-havent-i-heard-from-you
God Lives Underwater,From Your Mouth,1994,Desconhecido,https://www.youtube.com/watch?v=8yrlw8FuJko,https://imvdb.com/video/god-lives-underwater/from-your-mouth
Sunny Day Real Estate,In Circles,1994,Desconhecido,https://www.youtube.com/watch?v=41YqzHoCgk4,https://imvdb.com/video/sunny-day-real-estate/in-circles
Grant Lee Buffalo,Lone Star Song,1994,Desconhecido,https://www.youtube.com/watch?v=D5v16s9mA6A,https://imvdb.com/video/grant-lee-buffalo/lone-star-song
Kings Of Swing,You Know I love You Baby,1994,Desconhecido,https://www.youtube.com/watch?v=C5aksH0tZec,https://imvdb.com/video/kings-of-swing/you-know-i-love-you-baby
Ramones,I Don´t Wanna Grow Up,1994,Desconhecido,https://www.youtube.com/watch?v=jK6meH9z4uA,https://imvdb.com/video/ramones/i-dont-wanna-grow-up
Bee Gees,For Whom The Bell Tolls,1994,Desconhecido,https://www.youtube.com/watch?v=jTowyYFXIUY,https://imvdb.com/video/bee-gees/for-whom-the-bell-tolls
The The,That Was The Day,1994,Desconhecido,https://www.youtube.com/watch?v=LLRUQ3dy9cE,https://imvdb.com/video/the-the/that-was-the-day
12 Gauge,"Dunkie Butt (Please, Please, Please)",1994,Desconhecido,https://www.youtube.com/watch?v=zekk2W9rVRc,https://imvdb.com/video/12-gauge/dunkie-butt-please-please-please
The Smithereens,Time Won't Let Me,1994,Desconhecido,https://www.youtube.com/watch?v=Ljyt_45I6nw,https://imvdb.com/video/the-smithereens/time-wont-let-me
Boyz II Men,I'll Make Love To You,1994,Desconhecido,https://www.youtube.com/watch?v=fV8vB1BB2qc,https://imvdb.com/video/boyz-ii-men/ill-make-love-to-you
Mariah Carey,Miss You Most (At Christmas Time),1994,Desconhecido,https://www.youtube.com/watch?v=vAOIC737e_k,https://imvdb.com/video/mariah-carey/miss-you-most-at-christmas-time
Stone Temple Pilots,Interstate Love Song,1994,Desconhecido,https://www.youtube.com/watch?v=yjJL9DGU7Gg,https://imvdb.com/video/stone-temple-pilots/interstate-love-song
"Harry Connick, Jr.",When My Heart Finds Christmas,1994,Desconhecido,https://www.youtube.com/watch?v=c5CaLcAA7ek,https://imvdb.com/video/harry-connick-jr./when-my-heart-finds-christmas
Crash Test Dummies,Afternoons and Coffeespoons,1994,Desconhecido,https://www.youtube.com/watch?v=W0YeGv5xHUU,https://imvdb.com/video/crash-test-dummies/afternoons-and-coffeespoons
The Rolling Stones,Love Is Strong,1994,Desconhecido,https://www.youtube.com/watch?v=Te6VBiRjhqA,https://imvdb.com/video/the-rolling-stones/love-is-strong
E-Rotic,Max Don't Have Sex With Your Ex,1994,Desconhecido,https://www.youtube.com/watch?v=387PiIvJT4s,https://imvdb.com/video/e-rotic/max-dont-have-sex-with-your-ex
Wet Wet Wet,Love Is All Around,1994,Desconhecido,,https://imvdb.com/video/wet-wet-wet/love-is-all-around
Carmel,If You Don't Come Back,1994,Desconhecido,https://www.youtube.com/watch?v=ZAmuuOn0mvs,https://imvdb.com/video/carmel-2/if-you-dont-come-back
Alice In Chains,I Stay Away,1994,Desconhecido,https://www.youtube.com/watch?v=ODTv9Lt5WYs,https://imvdb.com/video/alice-in-chains/i-stay-away
Tom Jones,I Wanna Get Back With You,1994,Desconhecido,https://www.youtube.com/watch?v=OqGQ3UPHr8I,https://imvdb.com/video/tom-jones/i-wanna-get-back-with-you
Cry Of Love,Too Cold In The Winter,1994,Desconhecido,https://www.youtube.com/watch?v=4kIRhWGry-A,https://imvdb.com/video/cry-of-love/too-cold-in-the-winter
MC 900 Ft Jesus,If I Only Had a Brain,1994,Desconhecido,https://www.youtube.com/watch?v=LA-AvBjBm5k,https://imvdb.com/video/mc-900-ft-jesus/if-i-only-had-a-brain
Tracy Byrd,Lifestyles Of The Not So Rich And Famous,1994,Desconhecido,https://www.youtube.com/watch?v=osiNI2Y6wA4,https://imvdb.com/video/tracy-byrd/lifestyles-of-the-not-so-rich-and-famous
Morrissey,"The More You Ignore Me, the Closer I Get",1994,Desconhecido,https://www.youtube.com/watch?v=6nAMFWDuDEI,https://imvdb.com/video/morrissey/the-more-you-ignore-me-the-closer-i-get
Sparks,(When I Kiss You) I Hear Charlie Parker Playing,1994,Desconhecido,https://www.youtube.com/watch?v=pKFiOCKhLfg,https://imvdb.com/video/sparks/when-i-kiss-you-i-hear-charlie-parker-playing
Meat Loaf,Objects in the Rear View Mirror May Appear Closer than They Are,1994,Desconhecido,https://www.youtube.com/watch?v=37GrbCUvZEM,https://imvdb.com/video/meat-loaf/objects-in-the-rear-view-mirror-may-appear-closer-than-they-are
Sinéad O'Connor,You Made Me The Thief Of Your Heart,1994,Desconhecido,https://www.youtube.com/watch?v=iVKzfGyZTyo,https://imvdb.com/video/sinead-oconnor/you-made-me-the-thief-of-your-heart
Mariah Carey,All I Want For Christmas Is You,1994,Desconhecido,https://www.youtube.com/watch?v=yXQViqx6GMY,https://imvdb.com/video/mariah-carey/all-i-want-for-christmas-is-you
Me'Shell NdegéOcello,If That's Your Boyfriend (He Wasn't Last Night),1994,Desconhecido,https://www.youtube.com/watch?v=UpdzEpGIqtY,https://imvdb.com/video/meshell-ndegéocello/if-thats-your-boyfriend-he-wasnt-last-night
Martin Page,In The House Of Stone And Light,1994,Desconhecido,https://www.youtube.com/watch?v=eIa9UEXd98Q,https://imvdb.com/video/martin-page-1/in-the-house-of-stone-and-light
C+C Music Factory,Do You Wanna Get Funky?,1994,Desconhecido,https://www.youtube.com/watch?v=yFIxLu4KK7U,https://imvdb.com/video/c-and-c-music-factory/do-you-wanna-get-funky
